K,G,phase,arm,n,median_paired_ratio,case_median_min,case_median_max,median_baseline_ms,median_candidate_ms
4096,128,forward,fused2,180,1.0509554717826664,1.0345886236388466,1.0653488943748126,0.3230865,0.307665
4096,128,forward,packed1,180,1.002611401029978,0.9884305814881024,1.0104553624045058,0.3230865,0.3238135
4096,128,forward,packed7,180,1.668475751971512,1.6249529588530978,1.7075188430998378,0.3230865,0.1948335
4096,128,forward,tile8,180,1.1213811943648582,1.1086957781518605,1.1380417657705473,0.3230865,0.2907535
4096,128,inverse,fused2,180,1.0615199897541798,1.046886534549464,1.06828049279228,0.2945225,0.2828925
4096,128,inverse,packed1,180,1.0065900531490033,0.9909193586040179,1.0104999978307614,0.2945225,0.2971695
4096,128,inverse,packed7,180,1.7155365504958318,1.6577001991725648,1.760275593597066,0.2945225,0.17249
4096,128,inverse,tile8,180,1.1351687768615548,1.1220258257625533,1.1566598013107212,0.2945225,0.2649895
16384,129,forward,fused2,180,1.0476403308819746,1.0299827542105815,1.0818531456500873,0.632419,0.608604
16384,129,forward,packed1,180,1.0525070954543956,1.027876668935892,1.07647504537191,0.632419,0.6059745
16384,129,forward,packed7,180,1.6323535292045417,1.6172526384952597,1.6605703053242746,0.632419,0.39129
16384,129,forward,tile8,180,1.0631025709293658,1.0419311348087532,1.0841349026257905,0.632419,0.6028915
16384,129,inverse,fused2,180,1.0528654205920946,1.0361456875734525,1.1135553655816877,0.605872,0.566526
16384,129,inverse,packed1,180,1.0742983601283675,1.0463362857019298,1.170142462840279,0.605872,0.5597435
16384,129,inverse,packed7,180,1.6856699435091729,1.6488089068446925,1.8707228018543511,0.605872,0.3544395
16384,129,inverse,tile8,180,1.0643146172053704,1.0553910513660232,1.1049015829147915,0.605872,0.56922
16384,2048,forward,fused2,180,1.0326079388985978,1.0109402032909225,1.27810109151545,1.154297,1.123089
16384,2048,forward,packed1,180,0.8683025165182889,0.8528007415829382,1.078846339526007,1.154297,1.3347775
16384,2048,forward,packed7,180,1.373766218692353,1.2650080501434626,1.4994962978366022,1.154297,0.8436865
16384,2048,forward,tile8,180,0.8752850499901916,0.8457280990715041,1.0977994941023237,1.154297,1.318301
16384,2048,inverse,fused2,180,1.0356809606978592,1.0105861605032005,1.0557213365694453,1.1540645,1.119473
16384,2048,inverse,packed1,180,0.8771837454356752,0.8442397622143998,0.9142321151158448,1.1540645,1.3182635
16384,2048,inverse,packed7,180,1.3901462298350464,1.360476359425002,1.4290832621859622,1.1540645,0.8258675
16384,2048,inverse,tile8,180,0.877428225049507,0.85827392052511,0.9024262442390087,1.1540645,1.305653
65536,129,forward,fused2,180,0.9931320928997298,0.9641406629241176,1.0165177284155917,0.989427,1.0013475
65536,129,forward,packed1,180,1.126259506006312,1.063005127807594,1.1534721906438798,0.989427,0.871761
65536,129,forward,packed7,180,1.6798781200755688,1.5903852696498564,1.699142148475323,0.989427,0.587798
65536,129,forward,tile8,180,0.9360490962233496,0.9292385036580872,0.9664598564322657,0.989427,1.0525055
65536,129,inverse,fused2,180,0.9909756112218955,0.9764851039914306,1.018246871096779,0.966445,0.970135
65536,129,inverse,packed1,180,1.147875597613862,1.1181370977835392,1.2016263129116316,0.966445,0.819585
65536,129,inverse,packed7,180,1.7474745996548746,1.7083975357982033,1.9002409614575433,0.966445,0.5451835
65536,129,inverse,tile8,180,0.9303500015629227,0.9140497099017649,0.9667339646305766,0.966445,1.0273995
65536,512,forward,fused2,180,0.9953802469051212,0.9903881225736667,1.0124068690403154,1.2508235,1.2623835
65536,512,forward,packed1,180,0.8778847009604132,0.860755055110961,0.8989936678759203,1.2508235,1.4478375
65536,512,forward,packed7,180,1.3493810100512436,1.0603913469143214,1.3789983091590483,1.2508235,0.9444085
65536,512,forward,tile8,180,0.8697625427282623,0.85310549999256,0.9152413428792262,1.2508235,1.429744
65536,512,inverse,fused2,180,0.9969291308921013,0.9756032931949434,1.014437660930405,1.241241,1.2590005
65536,512,inverse,packed1,180,0.876315225282339,0.8632436819448623,0.8980926273535348,1.241241,1.42618
65536,512,inverse,packed7,180,1.3599383506344953,1.332007252463339,1.3928687183396478,1.241241,0.9156215
65536,512,inverse,tile8,180,0.8640885102785008,0.8480902891063569,0.8968308105641267,1.241241,1.424875
262144,128,forward,fused2,180,0.9487409716167692,0.940773841081467,0.962979821681504,1.363847,1.4419255
262144,128,forward,packed1,180,0.8872686006218393,0.859682699554942,0.9091706842878748,1.363847,1.529582
262144,128,forward,packed7,180,1.3285476149164182,1.279288028281869,1.33709595329174,1.363847,1.0281305
262144,128,forward,tile8,180,0.8591371987634133,0.8523276713600297,0.8716198206719961,1.363847,1.576744
262144,128,inverse,fused2,180,0.9460509040500028,0.9332964906174599,0.9590281820342155,1.34356,1.427514
262144,128,inverse,packed1,180,0.8886926356948122,0.8702439896252523,0.9139360156020768,1.34356,1.5235775
262144,128,inverse,packed7,180,1.3356453147177252,1.2902114129309417,1.3438278659443799,1.34356,1.020445
262144,128,inverse,tile8,180,0.8587645589491949,0.8485401272383026,0.8855106326546318,1.34356,1.5725035
