run,K,G,bank,phase,arm,n,median_ns,p95_ns,min_ns,max_ns
run-1,4096,128,boundary,forward,fused2,20,298740.0,344138,285147,5352702
run-1,4096,128,boundary,forward,packed1,20,319031.5,381703,299943,3490709
run-1,4096,128,boundary,forward,packed7,20,187036.5,205777,179342,223453
run-1,4096,128,boundary,forward,tile8,20,284975.5,307869,263888,313027
run-1,4096,128,boundary,forward,vec4,20,317258.0,408629,303638,436091
run-1,4096,128,boundary,inverse,fused2,20,268429.0,312563,257777,337239
run-1,4096,128,boundary,inverse,packed1,20,284624.0,475850,270369,545915
run-1,4096,128,boundary,inverse,packed7,20,163925.0,171703,156545,180489
run-1,4096,128,boundary,inverse,tile8,20,250717.0,330017,239425,3519663
run-1,4096,128,boundary,inverse,vec4,20,283725.5,299073,268675,443638
run-1,4096,128,dense32,forward,fused2,20,293888.5,334897,282638,362777
run-1,4096,128,dense32,forward,packed1,20,313277.0,335711,295730,375424
run-1,4096,128,dense32,forward,packed7,20,185962.0,235925,176851,257545
run-1,4096,128,dense32,forward,tile8,20,283554.5,3907865,267388,4669455
run-1,4096,128,dense32,forward,vec4,20,317193.5,334055,288323,342684
run-1,4096,128,dense32,inverse,fused2,20,265425.5,277360,256193,290545
run-1,4096,128,dense32,inverse,packed1,20,284179.5,302916,275675,320415
run-1,4096,128,dense32,inverse,packed7,20,164842.5,183648,160869,190268
run-1,4096,128,dense32,inverse,tile8,20,250675.0,333008,242879,3912023
run-1,4096,128,dense32,inverse,vec4,20,283411.5,294564,278601,318712
run-1,4096,128,sparse4,forward,fused2,20,294508.5,308277,272370,318415
run-1,4096,128,sparse4,forward,packed1,20,310290.5,341879,301907,347998
run-1,4096,128,sparse4,forward,packed7,20,188008.0,201351,180628,204277
run-1,4096,128,sparse4,forward,tile8,20,281994.0,369451,264425,459989
run-1,4096,128,sparse4,forward,vec4,20,311999.0,327351,293906,6102273
run-1,4096,128,sparse4,inverse,fused2,20,265045.0,318100,256008,362610
run-1,4096,128,sparse4,inverse,packed1,20,281689.0,386869,271147,444591
run-1,4096,128,sparse4,inverse,packed7,20,164065.0,199249,159694,199398
run-1,4096,128,sparse4,inverse,tile8,20,248235.0,264008,241740,275702
run-1,4096,128,sparse4,inverse,vec4,20,284300.0,307785,274537,366906
run-1,16384,129,boundary,forward,fused2,20,634705.0,5766218,564887,6302866
run-1,16384,129,boundary,forward,packed1,20,629497.5,6532845,560600,6567032
run-1,16384,129,boundary,forward,packed7,20,403276.0,2674008,366517,4454567
run-1,16384,129,boundary,forward,tile8,20,622608.5,4989925,555026,6765466
run-1,16384,129,boundary,forward,vec4,20,656108.5,4491104,608257,5587323
run-1,16384,129,boundary,inverse,fused2,20,583271.0,3255793,523648,4622270
run-1,16384,129,boundary,inverse,packed1,20,548442.5,716007,513239,995070
run-1,16384,129,boundary,inverse,packed7,20,350952.0,1926956,333583,4749871
run-1,16384,129,boundary,inverse,tile8,20,604390.5,4887184,523220,6024116
run-1,16384,129,boundary,inverse,vec4,20,675631.5,5928561,569369,7726295
run-1,16384,129,dense32,forward,fused2,20,599470.0,1516199,548461,5427230
run-1,16384,129,dense32,forward,packed1,20,594512.0,666924,549415,2455694
run-1,16384,129,dense32,forward,packed7,20,377281.0,415591,362073,447044
run-1,16384,129,dense32,forward,tile8,20,602248.5,4450919,561100,4500530
run-1,16384,129,dense32,forward,vec4,20,621691.5,651285,570118,5578091
run-1,16384,129,dense32,inverse,fused2,20,560086.0,609738,526127,617591
run-1,16384,129,dense32,inverse,packed1,20,539794.5,564146,507572,591563
run-1,16384,129,dense32,inverse,packed7,20,341687.5,361544,327740,366674
run-1,16384,129,dense32,inverse,tile8,20,558145.5,596952,524174,670674
run-1,16384,129,dense32,inverse,vec4,20,595585.5,674007,545711,713794
run-1,16384,129,sparse4,forward,fused2,20,604493.5,658443,574405,3506321
run-1,16384,129,sparse4,forward,packed1,20,614701.5,666636,562322,5008759
run-1,16384,129,sparse4,forward,packed7,20,384194.0,423277,370156,433776
run-1,16384,129,sparse4,forward,tile8,20,596853.5,626618,576637,5292295
run-1,16384,129,sparse4,forward,vec4,20,645358.5,1023070,597090,4376595
run-1,16384,129,sparse4,inverse,fused2,20,559887.0,600461,536350,601452
run-1,16384,129,sparse4,inverse,packed1,20,558498.0,778117,522980,5868848
run-1,16384,129,sparse4,inverse,packed7,20,351133.5,385433,335591,586331
run-1,16384,129,sparse4,inverse,tile8,20,559099.5,610396,532730,3364959
run-1,16384,129,sparse4,inverse,vec4,20,599030.5,751590,565609,6568874
run-1,16384,2048,boundary,forward,fused2,20,1123444.5,4413844,823247,6461430
run-1,16384,2048,boundary,forward,packed1,20,1329962.5,5433340,1207292,6340625
run-1,16384,2048,boundary,forward,packed7,20,833576.0,4342308,800793,5951043
run-1,16384,2048,boundary,forward,tile8,20,1320490.0,5032694,1205819,5426748
run-1,16384,2048,boundary,forward,vec4,20,2406458.5,6454476,1091348,6785429
run-1,16384,2048,boundary,inverse,fused2,20,1082756.0,6758549,762072,12616962
run-1,16384,2048,boundary,inverse,packed1,20,1285554.5,6839929,1242430,7194982
run-1,16384,2048,boundary,inverse,packed7,20,818015.5,5724331,731274,9236947
run-1,16384,2048,boundary,inverse,tile8,20,1281968.0,7826480,1193014,10390008
run-1,16384,2048,boundary,inverse,vec4,20,1130625.5,5506877,820154,7250176
run-1,16384,2048,dense32,forward,fused2,20,1144723.0,6762346,1057321,7409241
run-1,16384,2048,dense32,forward,packed1,20,1334208.0,1406329,1241263,5112574
run-1,16384,2048,dense32,forward,packed7,20,841885.5,6614068,765765,6961558
run-1,16384,2048,dense32,forward,tile8,20,1331856.0,4714678,1232200,5472462
run-1,16384,2048,dense32,forward,vec4,20,1180505.0,7302871,1074236,9925481
run-1,16384,2048,dense32,inverse,fused2,20,1134584.0,3715773,1051756,9560094
run-1,16384,2048,dense32,inverse,packed1,20,1326958.0,5899654,1277375,7132169
run-1,16384,2048,dense32,inverse,packed7,20,839422.5,4371086,735404,4815195
run-1,16384,2048,dense32,inverse,tile8,20,1322416.5,5473721,1229070,7296759
run-1,16384,2048,dense32,inverse,vec4,20,1177347.5,5221518,1071755,6896475
run-1,16384,2048,sparse4,forward,fused2,20,1174129.5,6619337,1108172,10701776
run-1,16384,2048,sparse4,forward,packed1,20,1384698.5,7343648,1330967,8049146
run-1,16384,2048,sparse4,forward,packed7,20,855459.5,6184338,809904,6492226
run-1,16384,2048,sparse4,forward,tile8,20,1341722.5,9159818,1283875,12949229
run-1,16384,2048,sparse4,forward,vec4,20,1181751.0,3480320,1142931,8267506
run-1,16384,2048,sparse4,inverse,fused2,20,1151066.0,3406737,1079589,4213419
run-1,16384,2048,sparse4,inverse,packed1,20,1366435.0,6580113,1310190,6749142
run-1,16384,2048,sparse4,inverse,packed7,20,854394.0,3357126,799571,3532608
run-1,16384,2048,sparse4,inverse,tile8,20,1331828.5,5476610,1256625,7152491
run-1,16384,2048,sparse4,inverse,vec4,20,1161333.5,6329718,1132959,6931650
run-1,65536,129,boundary,forward,fused2,20,993718.0,3982735,918626,8146915
run-1,65536,129,boundary,forward,packed1,20,873238.0,961173,832043,3599653
run-1,65536,129,boundary,forward,packed7,20,595636.5,653044,552193,3478413
run-1,65536,129,boundary,forward,tile8,20,1047227.0,3886144,992006,4459863
run-1,65536,129,boundary,forward,vec4,20,1000940.5,3129358,920718,4342956
run-1,65536,129,boundary,inverse,fused2,20,983001.0,2210289,894914,4076253
run-1,65536,129,boundary,inverse,packed1,20,821811.5,944681,751312,962922
run-1,65536,129,boundary,inverse,packed7,20,552308.5,698452,507776,2240908
run-1,65536,129,boundary,inverse,tile8,20,1025283.5,3891522,968690,5272665
run-1,65536,129,boundary,inverse,vec4,20,969334.0,3586320,885580,9878842
run-1,65536,129,dense32,forward,fused2,20,1013149.5,2074399,948497,5409999
run-1,65536,129,dense32,forward,packed1,20,885881.0,979561,832877,7788434
run-1,65536,129,dense32,forward,packed7,20,602331.5,699072,545590,716163
run-1,65536,129,dense32,forward,tile8,20,1070621.0,4841834,968617,10951405
run-1,65536,129,dense32,forward,vec4,20,1015662.5,1082987,928136,1093061
run-1,65536,129,dense32,inverse,fused2,20,986265.5,5334268,914552,6850910
run-1,65536,129,dense32,inverse,packed1,20,815219.0,3876736,745896,4216410
run-1,65536,129,dense32,inverse,packed7,20,560197.0,2744481,505609,3498358
run-1,65536,129,dense32,inverse,tile8,20,1070237.0,4497260,999459,5992071
run-1,65536,129,dense32,inverse,vec4,20,976320.5,1083635,893986,3796032
run-1,65536,129,sparse4,forward,fused2,20,1024769.5,7014521,937478,10730479
run-1,65536,129,sparse4,forward,packed1,20,871788.5,1002153,824858,3740532
run-1,65536,129,sparse4,forward,packed7,20,597702.0,2581879,529822,3494506
run-1,65536,129,sparse4,forward,tile8,20,1086024.5,5411184,981071,6683234
run-1,65536,129,sparse4,forward,vec4,20,990394.0,4951667,941126,5664201
run-1,65536,129,sparse4,inverse,fused2,20,1000158.5,5696590,896636,6640623
run-1,65536,129,sparse4,inverse,packed1,20,871344.5,4549038,785719,5893404
run-1,65536,129,sparse4,inverse,packed7,20,563753.0,6825929,507063,7895915
run-1,65536,129,sparse4,inverse,tile8,20,1046811.0,5400842,973441,5400971
run-1,65536,129,sparse4,inverse,vec4,20,966445.0,5864275,919099,6057191
run-1,65536,512,boundary,forward,fused2,20,1315792.0,9148929,1215199,9277753
run-1,65536,512,boundary,forward,packed1,20,1476739.5,5698164,1428588,5891996
run-1,65536,512,boundary,forward,packed7,20,986172.0,5454878,935645,10138528
run-1,65536,512,boundary,forward,tile8,20,1466457.5,6633697,1358921,7434029
run-1,65536,512,boundary,forward,vec4,20,1309578.5,7272862,1213607,9584658
run-1,65536,512,boundary,inverse,fused2,20,1319943.5,5647238,1218830,6794475
run-1,65536,512,boundary,inverse,packed1,20,1464466.5,5612803,1357041,8418506
run-1,65536,512,boundary,inverse,packed7,20,966283.5,6815752,894201,8139386
run-1,65536,512,boundary,inverse,tile8,20,1466031.5,7196436,1389243,7340528
run-1,65536,512,boundary,inverse,vec4,20,1342430.5,7229863,1212513,7309520
run-1,65536,512,dense32,forward,fused2,20,1287958.5,3527126,1209995,6259496
run-1,65536,512,dense32,forward,packed1,20,1464827.5,5882256,1381495,23964318
run-1,65536,512,dense32,forward,packed7,20,1264403.0,6976974,938422,9809437
run-1,65536,512,dense32,forward,tile8,20,1463999.0,5176500,1414958,5579378
run-1,65536,512,dense32,forward,vec4,20,1304639.0,5992515,1217300,6258450
run-1,65536,512,dense32,inverse,fused2,20,1284592.0,2486110,1191097,4311095
run-1,65536,512,dense32,inverse,packed1,20,1485147.5,9809575,1391449,12907063
run-1,65536,512,dense32,inverse,packed7,20,964728.0,5651517,903960,6127245
run-1,65536,512,dense32,inverse,tile8,20,1454745.0,6258218,1391448,11134959
run-1,65536,512,dense32,inverse,vec4,20,1299342.0,4933287,1196847,5942265
run-1,65536,512,sparse4,forward,fused2,20,1311448.5,4459687,1259726,5552045
run-1,65536,512,sparse4,forward,packed1,20,1496661.5,5863154,1392949,6067024
run-1,65536,512,sparse4,forward,packed7,20,980426.5,5497008,902802,13301636
run-1,65536,512,sparse4,forward,tile8,20,1464267.5,6810411,1393736,9098707
run-1,65536,512,sparse4,forward,vec4,20,1329897.5,6673550,1237856,7093548
run-1,65536,512,sparse4,inverse,fused2,20,1317478.0,5986144,1186533,6914261
run-1,65536,512,sparse4,inverse,packed1,20,1468194.0,4902917,1415420,7594092
run-1,65536,512,sparse4,inverse,packed7,20,976700.5,5131870,891802,6909475
run-1,65536,512,sparse4,inverse,tile8,20,1475694.0,5122555,1381300,6914113
run-1,65536,512,sparse4,inverse,vec4,20,1296653.0,4024114,1232384,4473992
run-1,262144,128,boundary,forward,fused2,20,1499801.0,4161882,1416180,6451522
run-1,262144,128,boundary,forward,packed1,20,1638235.0,6322643,1512688,7528268
run-1,262144,128,boundary,forward,packed7,20,1078737.0,3543848,1008079,6696836
run-1,262144,128,boundary,forward,tile8,20,1638920.0,6542624,1513383,6759651
run-1,262144,128,boundary,forward,vec4,20,1423512.5,6151578,1306208,7447250
run-1,262144,128,boundary,inverse,fused2,20,1479402.0,6039848,1357819,7534453
run-1,262144,128,boundary,inverse,packed1,20,1583790.5,4829546,1460569,9761168
run-1,262144,128,boundary,inverse,packed7,20,1125278.5,8210276,1005228,8647653
run-1,262144,128,boundary,inverse,tile8,20,1637531.0,9662030,1507300,9704454
run-1,262144,128,boundary,inverse,vec4,20,1428596.5,5540036,1344634,5888664
run-1,262144,128,dense32,forward,fused2,20,1477156.5,6384746,1420958,8770227
run-1,262144,128,dense32,forward,packed1,20,1564082.0,6088181,1486642,6361570
run-1,262144,128,dense32,forward,packed7,20,1049441.0,5816664,986653,6814873
run-1,262144,128,dense32,forward,tile8,20,1617452.0,6038608,1535652,8910235
run-1,262144,128,dense32,forward,vec4,20,1388064.5,6235838,1311550,6475643
run-1,262144,128,dense32,inverse,fused2,20,1461231.0,5039147,1399995,6023182
run-1,262144,128,dense32,inverse,packed1,20,1552620.0,3485442,1491670,5428304
run-1,262144,128,dense32,inverse,packed7,20,1048686.5,3452162,942172,3475005
run-1,262144,128,dense32,inverse,tile8,20,1629823.0,7494751,1543012,8442673
run-1,262144,128,dense32,inverse,vec4,20,1381786.5,5838442,1299689,5972700
run-1,262144,128,sparse4,forward,fused2,20,1470421.0,4893093,1348763,13478672
run-1,262144,128,sparse4,forward,packed1,20,1555693.5,6433338,1420523,8870348
run-1,262144,128,sparse4,forward,packed7,20,1052899.0,2982527,993005,6185690
run-1,262144,128,sparse4,forward,tile8,20,1598563.5,5122815,1537940,5680618
run-1,262144,128,sparse4,forward,vec4,20,1379967.0,5001027,1310773,6162792
run-1,262144,128,sparse4,inverse,fused2,20,1461161.0,4925769,1403403,10823617
run-1,262144,128,sparse4,inverse,packed1,20,1553827.5,6204802,1456597,8601607
run-1,262144,128,sparse4,inverse,packed7,20,1055000.5,4434733,977645,9145226
run-1,262144,128,sparse4,inverse,tile8,20,1586463.0,1609809,1454170,8220683
run-1,262144,128,sparse4,inverse,vec4,20,1369106.0,5529776,1284172,5543988
run-2,4096,128,boundary,forward,fused2,20,300531.0,354119,256462,365555
run-2,4096,128,boundary,forward,packed1,20,323142.0,2844925,271083,3496830
run-2,4096,128,boundary,forward,packed7,20,192031.0,2127464,159592,3087164
run-2,4096,128,boundary,forward,tile8,20,289642.5,2870832,236824,4104494
run-2,4096,128,boundary,forward,vec4,20,309341.5,3799736,269536,5461016
run-2,4096,128,boundary,inverse,fused2,20,288563.5,2753461,243694,4282864
run-2,4096,128,boundary,inverse,packed1,20,294110.5,328693,257489,483960
run-2,4096,128,boundary,inverse,packed7,20,172657.0,226656,150017,307313
run-2,4096,128,boundary,inverse,tile8,20,270225.5,1800012,228091,2768054
run-2,4096,128,boundary,inverse,vec4,20,284582.0,328841,259268,398305
run-2,4096,128,dense32,forward,fused2,20,295614.5,315406,277592,997338
run-2,4096,128,dense32,forward,packed1,20,311161.0,325841,295481,395803
run-2,4096,128,dense32,forward,packed7,20,181231.0,199388,174027,204593
run-2,4096,128,dense32,forward,tile8,20,277939.0,293323,260610,294008
run-2,4096,128,dense32,forward,vec4,20,318615.0,363906,294795,3183099
run-2,4096,128,dense32,inverse,fused2,20,277994.0,293314,258110,302795
run-2,4096,128,dense32,inverse,packed1,20,292924.5,308694,274490,309175
run-2,4096,128,dense32,inverse,packed7,20,165559.0,185879,159426,186758
run-2,4096,128,dense32,inverse,tile8,20,263480.5,306268,244610,394239
run-2,4096,128,dense32,inverse,vec4,20,295355.0,312202,278730,338990
run-2,4096,128,sparse4,forward,fused2,20,287119.5,326516,266814,1294976
run-2,4096,128,sparse4,forward,packed1,20,301721.5,316128,289655,322008
run-2,4096,128,sparse4,forward,packed7,20,173810.0,202491,166017,210093
run-2,4096,128,sparse4,forward,tile8,20,263647.5,356101,258434,2493269
run-2,4096,128,sparse4,forward,vec4,20,304461.5,330527,291026,336110
run-2,4096,128,sparse4,inverse,fused2,20,258415.5,300583,252897,2006094
run-2,4096,128,sparse4,inverse,packed1,20,278087.0,308564,266805,386953
run-2,4096,128,sparse4,inverse,packed7,20,157962.5,189342,153545,222102
run-2,4096,128,sparse4,inverse,tile8,20,241957.0,274675,239314,3548950
run-2,4096,128,sparse4,inverse,vec4,20,276702.5,309850,267712,317721
run-2,16384,129,boundary,forward,fused2,20,631479.0,681081,616841,3542311
run-2,16384,129,boundary,forward,packed1,20,630706.5,659840,605553,663693
run-2,16384,129,boundary,forward,packed7,20,408188.0,425044,394629,433998
run-2,16384,129,boundary,forward,tile8,20,631335.5,807553,600878,1467346
run-2,16384,129,boundary,forward,vec4,20,666086.0,701100,633100,770941
run-2,16384,129,boundary,inverse,fused2,20,599354.5,636155,569730,686488
run-2,16384,129,boundary,inverse,packed1,20,585465.5,627766,550285,781228
run-2,16384,129,boundary,inverse,packed7,20,374984.0,416118,364517,5950524
run-2,16384,129,boundary,inverse,tile8,20,603007.0,611672,581193,625026
run-2,16384,129,boundary,inverse,vec4,20,625294.5,658414,596174,662220
run-2,16384,129,dense32,forward,fused2,20,624770.5,6707115,599896,8469164
run-2,16384,129,dense32,forward,packed1,20,642525.5,718821,593063,3937792
run-2,16384,129,dense32,forward,packed7,20,401142.0,438777,383914,449489
run-2,16384,129,dense32,forward,tile8,20,622623.0,677452,595136,3412848
run-2,16384,129,dense32,forward,vec4,20,659979.0,718256,625526,745302
run-2,16384,129,dense32,inverse,fused2,20,599239.0,827460,544730,3350738
run-2,16384,129,dense32,inverse,packed1,20,601808.0,758247,546461,786562
run-2,16384,129,dense32,inverse,packed7,20,359563.0,443415,341554,3652134
run-2,16384,129,dense32,inverse,tile8,20,580229.0,642304,545683,804877
run-2,16384,129,dense32,inverse,vec4,20,615484.5,722628,585665,875839
run-2,16384,129,sparse4,forward,fused2,20,639770.5,671340,606184,6913003
run-2,16384,129,sparse4,forward,packed1,20,635131.5,664618,606961,671164
run-2,16384,129,sparse4,forward,packed7,20,408040.0,430823,389008,431998
run-2,16384,129,sparse4,forward,tile8,20,631534.0,649775,571368,666184
run-2,16384,129,sparse4,forward,vec4,20,675311.5,722424,630563,750608
run-2,16384,129,sparse4,inverse,fused2,20,607821.5,704719,578285,3126136
run-2,16384,129,sparse4,inverse,packed1,20,577585.5,605229,546461,610877
run-2,16384,129,sparse4,inverse,packed7,20,366105.5,385314,336434,387554
run-2,16384,129,sparse4,inverse,tile8,20,607040.0,2278066,533933,2754926
run-2,16384,129,sparse4,inverse,vec4,20,641201.5,2309982,586766,2741175
run-2,16384,2048,boundary,forward,fused2,20,1119681.0,4582530,776923,11779012
run-2,16384,2048,boundary,forward,packed1,20,1339356.5,5074546,1048579,6392216
run-2,16384,2048,boundary,forward,packed7,20,846872.0,4967935,684730,9031467
run-2,16384,2048,boundary,forward,tile8,20,1299630.0,5270453,1010201,6312616
run-2,16384,2048,boundary,forward,vec4,20,1143291.5,3091073,773803,5837293
run-2,16384,2048,boundary,inverse,fused2,20,1114529.0,6717568,732108,10067508
run-2,16384,2048,boundary,inverse,packed1,20,1294379.0,6792818,1005219,7223714
run-2,16384,2048,boundary,inverse,packed7,20,803196.0,4879278,603507,6204876
run-2,16384,2048,boundary,inverse,tile8,20,1308093.0,4617289,971931,5026908
run-2,16384,2048,boundary,inverse,vec4,20,1148805.5,5431832,778905,5615358
run-2,16384,2048,dense32,forward,fused2,20,1105935.0,2642639,1040617,4600900
run-2,16384,2048,dense32,forward,packed1,20,1381004.0,5396878,1238441,6565440
run-2,16384,2048,dense32,forward,packed7,20,831413.5,4498927,756571,6123097
run-2,16384,2048,dense32,forward,tile8,20,1315059.5,6719948,1217542,6964807
run-2,16384,2048,dense32,forward,vec4,20,1158731.5,5245490,1075061,6538541
run-2,16384,2048,dense32,inverse,fused2,20,1103371.0,5337129,1031033,5535748
run-2,16384,2048,dense32,inverse,packed1,20,1269754.5,1953945,1220319,6684217
run-2,16384,2048,dense32,inverse,packed7,20,824469.0,3687995,743997,4322632
run-2,16384,2048,dense32,inverse,tile8,20,1310134.0,4667890,1222903,5475673
run-2,16384,2048,dense32,inverse,vec4,20,1120222.0,2219945,1058672,2254362
run-2,16384,2048,sparse4,forward,fused2,20,1157093.0,5565082,1083792,11628234
run-2,16384,2048,sparse4,forward,packed1,20,1355022.5,6226162,1267921,6673697
run-2,16384,2048,sparse4,forward,packed7,20,1347342.5,6281523,812312,8627894
run-2,16384,2048,sparse4,forward,tile8,20,1355897.5,5321166,1276625,5433879
run-2,16384,2048,sparse4,forward,vec4,20,1749234.5,7245706,1093542,8571172
run-2,16384,2048,sparse4,inverse,fused2,20,1160051.0,4529205,1059292,4744565
run-2,16384,2048,sparse4,inverse,packed1,20,1630443.0,5366267,1188412,7180195
run-2,16384,2048,sparse4,inverse,packed7,20,860187.0,4349743,793164,24800270
run-2,16384,2048,sparse4,inverse,tile8,20,1381227.0,4595455,1252255,4725437
run-2,16384,2048,sparse4,inverse,vec4,20,1204463.0,5993034,1099876,6076172
run-2,65536,129,boundary,forward,fused2,20,1298722.0,5255924,964246,6055226
run-2,65536,129,boundary,forward,packed1,20,1291157.0,1643095,805330,7226149
run-2,65536,129,boundary,forward,packed7,20,633224.5,1094302,555979,2754396
run-2,65536,129,boundary,forward,tile8,20,1350675.5,4984779,1017755,6287542
run-2,65536,129,boundary,forward,vec4,20,1246750.0,3548717,942746,5720840
run-2,65536,129,boundary,inverse,fused2,20,1286662.0,4105179,918959,5197453
run-2,65536,129,boundary,inverse,packed1,20,1276166.5,1743086,779673,6955354
run-2,65536,129,boundary,inverse,packed7,20,553368.0,1070728,501017,1072968
run-2,65536,129,boundary,inverse,tile8,20,1321226.5,1929623,992543,1953466
run-2,65536,129,boundary,inverse,vec4,20,1255833.5,3016304,920015,6635521
run-2,65536,129,dense32,forward,fused2,20,1044923.0,3304043,948801,5057426
run-2,65536,129,dense32,forward,packed1,20,929380.5,3992763,860691,6633521
run-2,65536,129,dense32,forward,packed7,20,618386.5,691516,575405,3158766
run-2,65536,129,dense32,forward,tile8,20,1094732.0,1165348,1015274,4425817
run-2,65536,129,dense32,forward,vec4,20,1026625.5,1092200,983774,2286167
run-2,65536,129,dense32,inverse,fused2,20,1042204.5,1096875,968812,1780595
run-2,65536,129,dense32,inverse,packed1,20,885516.0,1030737,841368,2570371
run-2,65536,129,dense32,inverse,packed7,20,587488.0,724165,556637,6097356
run-2,65536,129,dense32,inverse,tile8,20,1082838.0,2056253,989460,5016352
run-2,65536,129,dense32,inverse,vec4,20,1043297.5,5662479,965959,6694735
run-2,65536,129,sparse4,forward,fused2,20,1055075.5,3244701,971301,3308137
run-2,65536,129,sparse4,forward,packed1,20,927131.5,5546488,864034,8820013
run-2,65536,129,sparse4,forward,packed7,20,633947.0,2168807,593757,6830669
run-2,65536,129,sparse4,forward,tile8,20,1102051.5,2688619,1058506,4818455
run-2,65536,129,sparse4,forward,vec4,20,1057885.5,5563924,958229,5720757
run-2,65536,129,sparse4,inverse,fused2,20,1045403.0,4795084,993987,5798413
run-2,65536,129,sparse4,inverse,packed1,20,888677.5,6112495,846404,6560031
run-2,65536,129,sparse4,inverse,packed7,20,593553.5,684136,548980,5609294
run-2,65536,129,sparse4,inverse,tile8,20,1105186.0,9297105,999542,10086805
run-2,65536,129,sparse4,inverse,vec4,20,1045408.0,1101274,957534,3836866
run-2,65536,512,boundary,forward,fused2,20,1341550.5,5682701,1207441,5974580
run-2,65536,512,boundary,forward,packed1,20,1487707.5,6046357,1364272,6376709
run-2,65536,512,boundary,forward,packed7,20,987367.0,5494952,888571,5980951
run-2,65536,512,boundary,forward,tile8,20,1466314.0,5555026,1379393,5556498
run-2,65536,512,boundary,forward,vec4,20,1301319.0,5148667,1200846,5544831
run-2,65536,512,boundary,inverse,fused2,20,1301690.5,5221989,1177135,8160589
run-2,65536,512,boundary,inverse,packed1,20,1470666.5,4581743,1349124,5586924
run-2,65536,512,boundary,inverse,packed7,20,961922.5,7385649,884238,8887532
run-2,65536,512,boundary,inverse,tile8,20,1455105.5,4799973,1364513,5768070
run-2,65536,512,boundary,inverse,vec4,20,1298731.5,5475517,1215913,5603905
run-2,65536,512,dense32,forward,fused2,20,1270731.5,2130594,1143625,3114553
run-2,65536,512,dense32,forward,packed1,20,1464809.0,7187982,1306569,12294649
run-2,65536,512,dense32,forward,packed7,20,939579.5,4760167,831516,5984469
run-2,65536,512,dense32,forward,tile8,20,1466360.5,5618239,1295800,6172088
run-2,65536,512,dense32,forward,vec4,20,1235398.0,5468599,1121237,8898931
run-2,65536,512,dense32,inverse,fused2,20,1262301.5,5290758,1109811,8028656
run-2,65536,512,dense32,inverse,packed1,20,1413272.0,4615760,1272865,18166665
run-2,65536,512,dense32,inverse,packed7,20,933755.0,6133487,825219,10444257
run-2,65536,512,dense32,inverse,tile8,20,1436281.5,3314820,1276098,7390232
run-2,65536,512,dense32,inverse,vec4,20,1203135.0,5508303,1096968,11000423
run-2,65536,512,sparse4,forward,fused2,20,1264417.0,5998237,1190144,7299343
run-2,65536,512,sparse4,forward,packed1,20,1437286.5,6275857,1362495,7326575
run-2,65536,512,sparse4,forward,packed7,20,944408.5,4900073,859349,7191158
run-2,65536,512,sparse4,forward,tile8,20,1416323.0,3933717,1312430,4028559
run-2,65536,512,sparse4,forward,vec4,20,1246504.5,5784451,1173958,6942641
run-2,65536,512,sparse4,inverse,fused2,20,1290722.5,6535374,1182422,8146091
run-2,65536,512,sparse4,inverse,packed1,20,1453314.5,6663197,1348181,6679466
run-2,65536,512,sparse4,inverse,packed7,20,914501.0,2055946,846627,5263323
run-2,65536,512,sparse4,inverse,tile8,20,1406133.5,5224352,1296310,5803459
run-2,65536,512,sparse4,inverse,vec4,20,1237310.5,4349771,1148246,5840989
run-2,262144,128,boundary,forward,fused2,20,1427800.0,6429818,1315404,9409937
run-2,262144,128,boundary,forward,packed1,20,1513092.0,2511620,1384829,3744708
run-2,262144,128,boundary,forward,packed7,20,993042.5,5801932,931645,6855882
run-2,262144,128,boundary,forward,tile8,20,1545198.0,3332320,1446569,8616449
run-2,262144,128,boundary,forward,vec4,20,1358833.5,6954122,1241459,10437535
run-2,262144,128,boundary,inverse,fused2,20,1408175.5,6472458,1289922,7865377
run-2,262144,128,boundary,inverse,packed1,20,1483573.5,4623909,1378708,4824602
run-2,262144,128,boundary,inverse,packed7,20,996075.5,4790048,903220,6543596
run-2,262144,128,boundary,inverse,tile8,20,1542730.5,4082661,1423939,6406680
run-2,262144,128,boundary,inverse,vec4,20,1322074.0,5897570,1227727,5913136
run-2,262144,128,dense32,forward,fused2,20,1504370.5,2680991,1441208,6074245
run-2,262144,128,dense32,forward,packed1,20,1607855.0,3078767,1506031,9791685
run-2,262144,128,dense32,forward,packed7,20,1111945.5,3368051,1000126,4877047
run-2,262144,128,dense32,forward,tile8,20,1680794.5,5486859,1554763,6294902
run-2,262144,128,dense32,forward,vec4,20,1439476.5,4016699,1324273,4748936
run-2,262144,128,dense32,inverse,fused2,20,1502628.5,5635267,1427588,6893901
run-2,262144,128,dense32,inverse,packed1,20,2337398.0,6783799,1456476,8470682
run-2,262144,128,dense32,inverse,packed7,20,1094357.0,4592493,1009626,4674493
run-2,262144,128,dense32,inverse,tile8,20,1655651.5,4920862,1508994,6391199
run-2,262144,128,dense32,inverse,vec4,20,1438346.0,7027872,1283004,8578977
run-2,262144,128,sparse4,forward,fused2,20,1471452.5,5354083,1353837,6379541
run-2,262144,128,sparse4,forward,packed1,20,1573249.5,1627874,1491022,4626205
run-2,262144,128,sparse4,forward,packed7,20,1062440.0,1108514,966052,2760537
run-2,262144,128,sparse4,forward,tile8,20,1607559.0,5504128,1500762,5890886
run-2,262144,128,sparse4,forward,vec4,20,1399615.5,5926256,1289894,6861383
run-2,262144,128,sparse4,inverse,fused2,20,1473179.5,5573508,1341587,6931372
run-2,262144,128,sparse4,inverse,packed1,20,1561943.5,3435756,1431023,5099092
run-2,262144,128,sparse4,inverse,packed7,20,1064409.0,6328430,959284,6766567
run-2,262144,128,sparse4,inverse,tile8,20,1611809.0,5871209,1482744,6099931
run-2,262144,128,sparse4,inverse,vec4,20,1401934.5,5474544,1281885,5872646
run-3,4096,128,boundary,forward,fused2,20,342693.5,411064,325368,485877
run-3,4096,128,boundary,forward,packed1,20,358651.0,376202,348683,426323
run-3,4096,128,boundary,forward,packed7,20,221078.0,268036,209240,669775
run-3,4096,128,boundary,forward,tile8,20,323372.5,343592,308184,366091
run-3,4096,128,boundary,forward,vec4,20,362175.5,435609,341693,640700
run-3,4096,128,boundary,inverse,fused2,20,330138.0,371794,317768,491165
run-3,4096,128,boundary,inverse,packed1,20,348809.0,397656,333481,414406
run-3,4096,128,boundary,inverse,packed7,20,208545.5,229092,201027,242601
run-3,4096,128,boundary,inverse,tile8,20,307827.5,316286,296573,356231
run-3,4096,128,boundary,inverse,vec4,20,351021.5,371157,336961,409183
run-3,4096,128,dense32,forward,fused2,20,341258.0,396573,330795,568192
run-3,4096,128,dense32,forward,packed1,20,354314.0,388553,345870,417443
run-3,4096,128,dense32,forward,packed7,20,214318.5,237684,205518,237768
run-3,4096,128,dense32,forward,tile8,20,319785.5,335518,302730,336055
run-3,4096,128,dense32,forward,vec4,20,355133.5,386073,341832,471934
run-3,4096,128,dense32,inverse,fused2,20,332513.0,369110,310295,372499
run-3,4096,128,dense32,inverse,packed1,20,340897.5,357368,328285,357406
run-3,4096,128,dense32,inverse,packed7,20,205898.0,231490,190991,248203
run-3,4096,128,dense32,inverse,tile8,20,307651.5,326360,288156,350925
run-3,4096,128,dense32,inverse,vec4,20,345424.5,386767,329184,387869
run-3,4096,128,sparse4,forward,fused2,20,343420.5,362490,326683,3258274
run-3,4096,128,sparse4,forward,packed1,20,358994.0,385832,347221,403378
run-3,4096,128,sparse4,forward,packed7,20,224198.5,241610,208934,259786
run-3,4096,128,sparse4,forward,tile8,20,321457.0,353729,302461,366166
run-3,4096,128,sparse4,forward,vec4,20,360369.0,378111,344833,389637
run-3,4096,128,sparse4,inverse,fused2,20,328851.0,361823,319370,430165
run-3,4096,128,sparse4,inverse,packed1,20,349512.0,377675,331435,2641768
run-3,4096,128,sparse4,inverse,packed7,20,210119.5,237139,195601,246092
run-3,4096,128,sparse4,inverse,tile8,20,307077.5,331971,297925,333943
run-3,4096,128,sparse4,inverse,vec4,20,350809.0,398842,323573,427665
run-3,16384,129,boundary,forward,fused2,20,559248.5,582599,532396,685165
run-3,16384,129,boundary,forward,packed1,20,558868.0,655571,537859,671785
run-3,16384,129,boundary,forward,packed7,20,361258.5,452600,345203,468554
run-3,16384,129,boundary,forward,tile8,20,550040.0,602554,525878,697313
run-3,16384,129,boundary,forward,vec4,20,589512.0,626163,563785,708701
run-3,16384,129,boundary,inverse,fused2,20,543599.5,598867,528035,698896
run-3,16384,129,boundary,inverse,packed1,20,540498.0,651007,522303,662832
run-3,16384,129,boundary,inverse,packed7,20,347965.5,369471,335703,402971
run-3,16384,129,boundary,inverse,tile8,20,530364.5,673867,515118,681969
run-3,16384,129,boundary,inverse,vec4,20,571808.0,664441,549285,815071
run-3,16384,129,dense32,forward,fused2,20,577747.5,608247,552674,629979
run-3,16384,129,dense32,forward,packed1,20,582452.0,610850,549692,816663
run-3,16384,129,dense32,forward,packed7,20,367957.5,385703,356136,427776
run-3,16384,129,dense32,forward,tile8,20,572998.5,593682,550201,679090
run-3,16384,129,dense32,forward,vec4,20,604891.5,645590,573664,743636
run-3,16384,129,dense32,inverse,fused2,20,560831.5,579424,536600,798340
run-3,16384,129,dense32,inverse,packed1,20,559433.5,595886,533637,602841
run-3,16384,129,dense32,inverse,packed7,20,350660.0,388314,335305,412368
run-3,16384,129,dense32,inverse,tile8,20,555502.0,574433,525637,583210
run-3,16384,129,dense32,inverse,vec4,20,589178.0,658821,559545,659369
run-3,16384,129,sparse4,forward,fused2,20,563970.0,597387,549155,650582
run-3,16384,129,sparse4,forward,packed1,20,571405.5,604878,552461,609980
run-3,16384,129,sparse4,forward,packed7,20,365767.5,386970,354285,394368
run-3,16384,129,sparse4,forward,tile8,20,555243.0,677091,537887,779423
run-3,16384,129,sparse4,forward,vec4,20,590220.0,619043,572053,736730
run-3,16384,129,sparse4,inverse,fused2,20,546757.0,580257,529230,674469
run-3,16384,129,sparse4,inverse,packed1,20,546484.0,579609,526276,581397
run-3,16384,129,sparse4,inverse,packed7,20,346179.5,376490,331322,396229
run-3,16384,129,sparse4,inverse,tile8,20,548289.5,596831,518239,609443
run-3,16384,129,sparse4,inverse,vec4,20,576030.5,611906,558045,628284
run-3,16384,2048,boundary,forward,fused2,20,1092144.5,4428605,776664,6388189
run-3,16384,2048,boundary,forward,packed1,20,1290671.0,3505885,947394,4217272
run-3,16384,2048,boundary,forward,packed7,20,816613.0,3960328,605850,4920259
run-3,16384,2048,boundary,forward,tile8,20,1297819.5,4625287,969543,6662754
run-3,16384,2048,boundary,forward,vec4,20,1095422.0,3785727,789117,6985984
run-3,16384,2048,boundary,inverse,fused2,20,1075987.0,3547514,750025,4133291
run-3,16384,2048,boundary,inverse,packed1,20,1295902.5,3866746,932700,6923724
run-3,16384,2048,boundary,inverse,packed7,20,770617.5,875358,591295,2381556
run-3,16384,2048,boundary,inverse,tile8,20,1276694.5,5378258,973941,5487137
run-3,16384,2048,boundary,inverse,vec4,20,1094565.5,5766979,850885,6800744
run-3,16384,2048,dense32,forward,fused2,20,1071829.0,1202126,993497,4850602
run-3,16384,2048,dense32,forward,packed1,20,1308570.0,5917090,1219291,7393842
run-3,16384,2048,dense32,forward,packed7,20,802987.5,3972809,744766,4974640
run-3,16384,2048,dense32,forward,tile8,20,1301518.5,2926405,1209904,6423059
run-3,16384,2048,dense32,forward,vec4,20,1133968.0,5118758,1029405,6429745
run-3,16384,2048,dense32,inverse,fused2,20,1094024.0,4405873,991386,5369174
run-3,16384,2048,dense32,inverse,packed1,20,1297610.5,6493920,1193431,11568495
run-3,16384,2048,dense32,inverse,packed7,20,779631.5,4661631,715785,5634452
run-3,16384,2048,dense32,inverse,tile8,20,1277204.0,1330366,1173922,2601795
run-3,16384,2048,dense32,inverse,vec4,20,1140685.5,6153375,1043199,7299417
run-3,16384,2048,sparse4,forward,fused2,20,1103038.0,5720914,1005025,6699382
run-3,16384,2048,sparse4,forward,packed1,20,1320574.0,4220299,1204671,5090564
run-3,16384,2048,sparse4,forward,packed7,20,843052.5,6043569,752803,13259340
run-3,16384,2048,sparse4,forward,tile8,20,1317343.0,5559988,1174616,8351691
run-3,16384,2048,sparse4,forward,vec4,20,1140583.0,3490524,1048514,3991392
run-3,16384,2048,sparse4,inverse,fused2,20,1126587.5,4595566,999005,5270379
run-3,16384,2048,sparse4,inverse,packed1,20,1314324.5,2374454,1184625,5052176
run-3,16384,2048,sparse4,inverse,packed7,20,827121.5,5633071,720561,6455476
run-3,16384,2048,sparse4,inverse,tile8,20,1301097.0,5435480,1195912,9080319
run-3,16384,2048,sparse4,inverse,vec4,20,1161444.5,4514789,1014681,4657270
run-3,65536,129,boundary,forward,fused2,20,882076.0,903488,861127,904005
run-3,65536,129,boundary,forward,packed1,20,789719.0,813719,730378,820998
run-3,65536,129,boundary,forward,packed7,20,523650.5,538016,501748,555729
run-3,65536,129,boundary,forward,tile8,20,941644.5,959969,926951,962098
run-3,65536,129,boundary,forward,vec4,20,885668.5,907081,858155,921690
run-3,65536,129,boundary,inverse,fused2,20,837330.5,881683,816534,901672
run-3,65536,129,boundary,inverse,packed1,20,724130.5,785007,705627,794839
run-3,65536,129,boundary,inverse,packed7,20,485951.5,515286,462026,535220
run-3,65536,129,boundary,inverse,tile8,20,891168.5,918710,864025,931331
run-3,65536,129,boundary,inverse,vec4,20,822765.0,858821,803312,866413
run-3,65536,129,dense32,forward,fused2,20,867538.0,907783,847349,910765
run-3,65536,129,dense32,forward,packed1,20,773080.0,797784,710136,820488
run-3,65536,129,dense32,forward,packed7,20,506988.5,539322,489257,540822
run-3,65536,129,dense32,forward,tile8,20,925737.0,947488,906256,961792
run-3,65536,129,dense32,forward,vec4,20,856223.5,878386,842108,886932
run-3,65536,129,dense32,inverse,fused2,20,809525.0,845645,785164,852617
run-3,65536,129,dense32,inverse,packed1,20,707784.5,732969,685313,734461
run-3,65536,129,dense32,inverse,packed7,20,462678.5,486184,448286,492118
run-3,65536,129,dense32,inverse,tile8,20,872789.0,891265,852729,917349
run-3,65536,129,dense32,inverse,vec4,20,803052.5,838154,790173,854886
run-3,65536,129,sparse4,forward,fused2,20,863830.0,895145,846848,910247
run-3,65536,129,sparse4,forward,packed1,20,780899.5,807886,716108,831969
run-3,65536,129,sparse4,forward,packed7,20,505165.0,529988,481739,553525
run-3,65536,129,sparse4,forward,tile8,20,921825.0,942821,905849,945238
run-3,65536,129,sparse4,forward,vec4,20,857922.5,890848,840831,902330
run-3,65536,129,sparse4,inverse,fused2,20,808265.5,847367,797478,869811
run-3,65536,129,sparse4,inverse,packed1,20,706543.5,718544,686221,734330
run-3,65536,129,sparse4,inverse,packed7,20,464457.0,482359,446508,486460
run-3,65536,129,sparse4,inverse,tile8,20,872136.0,888237,856146,909108
run-3,65536,129,sparse4,inverse,vec4,20,797330.5,840108,778544,857904
run-3,65536,512,boundary,forward,fused2,20,1197028.5,3684321,1108199,9734927
run-3,65536,512,boundary,forward,packed1,20,1346009.0,1995122,1262254,4852121
run-3,65536,512,boundary,forward,packed7,20,865955.5,1011709,801626,1358282
run-3,65536,512,boundary,forward,tile8,20,1361782.0,1802438,1284764,1900020
run-3,65536,512,boundary,forward,vec4,20,1166990.5,1479679,1093200,1620828
run-3,65536,512,boundary,inverse,fused2,20,1155314.5,4632539,1080718,7633739
run-3,65536,512,boundary,inverse,packed1,20,1317870.5,5633053,1247884,5781441
run-3,65536,512,boundary,inverse,packed7,20,846770.0,995264,774923,1003339
run-3,65536,512,boundary,inverse,tile8,20,1333333.5,1489245,1268663,7197065
run-3,65536,512,boundary,inverse,vec4,20,1149750.0,2571295,1062551,2811823
run-3,65536,512,dense32,forward,fused2,20,1118760.0,1142941,1089876,1148820
run-3,65536,512,dense32,forward,packed1,20,1267166.0,1289986,1244830,1291218
run-3,65536,512,dense32,forward,packed7,20,809265.5,826405,789525,842580
run-3,65536,512,dense32,forward,tile8,20,1300255.0,1323245,1270069,1511754
run-3,65536,512,dense32,forward,vec4,20,1112056.0,1137579,1089015,1172293
run-3,65536,512,dense32,inverse,fused2,20,1091496.5,1124320,1059070,1129394
run-3,65536,512,dense32,inverse,packed1,20,1242218.0,1284282,1217690,1293467
run-3,65536,512,dense32,inverse,packed7,20,789446.5,811043,763480,823210
run-3,65536,512,dense32,inverse,tile8,20,1278185.0,1305810,1242663,1664122
run-3,65536,512,dense32,inverse,vec4,20,1088362.0,1106839,1060830,1120024
run-3,65536,512,sparse4,forward,fused2,20,1131542.0,1159681,1101320,1168876
run-3,65536,512,sparse4,forward,packed1,20,1281296.0,1317782,1247773,1325634
run-3,65536,512,sparse4,forward,packed7,20,821571.0,831118,792562,840108
run-3,65536,512,sparse4,forward,tile8,20,1297819.5,1332087,1266116,1334208
run-3,65536,512,sparse4,forward,vec4,20,1121463.0,1145078,1097598,1146273
run-3,65536,512,sparse4,inverse,fused2,20,1095959.0,1133208,1068636,1135895
run-3,65536,512,sparse4,inverse,packed1,20,1256579.0,1302005,1239856,1306468
run-3,65536,512,sparse4,inverse,packed7,20,792325.5,821747,771367,833145
run-3,65536,512,sparse4,inverse,tile8,20,1276171.0,1322476,1250792,1348782
run-3,65536,512,sparse4,inverse,vec4,20,1106236.5,1166865,1081699,1216264
run-3,262144,128,boundary,forward,fused2,20,1303041.5,1324967,1281292,1326208
run-3,262144,128,boundary,forward,packed1,20,1390091.0,1409763,1375606,1412912
run-3,262144,128,boundary,forward,packed7,20,923483.0,950746,900840,970793
run-3,262144,128,boundary,forward,tile8,20,1435199.0,1447690,1421143,1463966
run-3,262144,128,boundary,forward,vec4,20,1235921.5,1261940,1207152,1744485
run-3,262144,128,boundary,inverse,fused2,20,1272490.5,1296208,1257051,1308513
run-3,262144,128,boundary,inverse,packed1,20,1364356.0,1391012,1340291,1402894
run-3,262144,128,boundary,inverse,packed7,20,891557.5,914699,865164,922728
run-3,262144,128,boundary,inverse,tile8,20,1408064.0,1433966,1380059,1442253
run-3,262144,128,boundary,inverse,vec4,20,1203764.0,1242987,1173985,1248967
run-3,262144,128,dense32,forward,fused2,20,1295810.0,1335096,1273848,1341338
run-3,262144,128,dense32,forward,packed1,20,1385893.0,1407468,1372995,1408143
run-3,262144,128,dense32,forward,packed7,20,916862.5,937431,897516,955987
run-3,262144,128,dense32,forward,tile8,20,1440022.0,1471040,1413374,1473717
run-3,262144,128,dense32,forward,vec4,20,1227491.0,1262903,1210597,1295597
run-3,262144,128,dense32,inverse,fused2,20,1272490.0,1300829,1251587,1316032
run-3,262144,128,dense32,inverse,packed1,20,1371652.5,1389151,1341875,1394440
run-3,262144,128,dense32,inverse,packed7,20,889622.5,914164,866376,918081
run-3,262144,128,dense32,inverse,tile8,20,1407305.0,1435458,1391533,1455587
run-3,262144,128,dense32,inverse,vec4,20,1194856.5,1217468,1171237,1222107
run-3,262144,128,sparse4,forward,fused2,20,1305569.0,1335560,1290792,1343236
run-3,262144,128,sparse4,forward,packed1,20,1382430.0,1405791,1360764,1414995
run-3,262144,128,sparse4,forward,packed7,20,919908.5,939923,901145,955830
run-3,262144,128,sparse4,forward,tile8,20,1431486.0,1469282,1406477,1481272
run-3,262144,128,sparse4,forward,vec4,20,1232680.5,1259348,1209134,1265513
run-3,262144,128,sparse4,inverse,fused2,20,1279839.0,1308662,1254922,1317126
run-3,262144,128,sparse4,inverse,packed1,20,1363805.0,1416051,1339124,1429078
run-3,262144,128,sparse4,inverse,packed7,20,897964.0,915829,871155,927413
run-3,262144,128,sparse4,inverse,tile8,20,1419790.5,1442699,1381403,1444986
run-3,262144,128,sparse4,inverse,vec4,20,1202977.0,1233144,1186829,1255247
