K	G	bank	mode	arm	component	p50_ns	p95_ns
4096	128	boundary	prepared	vec4	wall_ns	1682523.500	1783299
4096	128	boundary	prepared	vec4	conversion_in_ns	564733.000	576755
4096	128	boundary	prepared	vec4	preparation_ns	44.000	57
4096	128	boundary	prepared	vec4	upload_ns	73411.000	81059
4096	128	boundary	prepared	vec4	compute_wall_ns	241143.500	266933
4096	128	boundary	prepared	vec4	readback_ns	93305.000	119172
4096	128	boundary	prepared	vec4	conversion_out_ns	689805.500	791823
4096	128	boundary	prepared	packed7	wall_ns	371211.500	407554
4096	128	boundary	prepared	packed7	conversion_in_ns	28912.000	33938
4096	128	boundary	prepared	packed7	preparation_ns	43.000	53
4096	128	boundary	prepared	packed7	upload_ns	72883.500	84024
4096	128	boundary	prepared	packed7	compute_wall_ns	151627.000	168245
4096	128	boundary	prepared	packed7	readback_ns	92648.500	105648
4096	128	boundary	prepared	packed7	conversion_out_ns	20918.500	21551
4096	128	boundary	fresh_resources	vec4	wall_ns	2138844.500	2657927
4096	128	boundary	fresh_resources	vec4	conversion_in_ns	568562.500	634491
4096	128	boundary	fresh_resources	vec4	preparation_ns	405589.500	445856
4096	128	boundary	fresh_resources	vec4	upload_ns	91085.500	137594
4096	128	boundary	fresh_resources	vec4	compute_wall_ns	257856.000	334310
4096	128	boundary	fresh_resources	vec4	readback_ns	99690.500	133300
4096	128	boundary	fresh_resources	vec4	conversion_out_ns	690564.000	876256
4096	128	boundary	fresh_resources	packed7	wall_ns	1508828.000	1746822
4096	128	boundary	fresh_resources	packed7	conversion_in_ns	33059.500	39626
4096	128	boundary	fresh_resources	packed7	preparation_ns	1095413.000	1280948
4096	128	boundary	fresh_resources	packed7	upload_ns	89843.000	121907
4096	128	boundary	fresh_resources	packed7	compute_wall_ns	165668.000	214419
4096	128	boundary	fresh_resources	packed7	readback_ns	98862.500	117433
4096	128	boundary	fresh_resources	packed7	conversion_out_ns	20632.500	26840
4096	128	sparse4	prepared	vec4	wall_ns	1718203.500	1994210
4096	128	sparse4	prepared	vec4	conversion_in_ns	570993.500	586706
4096	128	sparse4	prepared	vec4	preparation_ns	46.000	63
4096	128	sparse4	prepared	vec4	upload_ns	73296.000	83532
4096	128	sparse4	prepared	vec4	compute_wall_ns	239880.500	265914
4096	128	sparse4	prepared	vec4	readback_ns	94240.000	141399
4096	128	sparse4	prepared	vec4	conversion_out_ns	740076.000	777289
4096	128	sparse4	prepared	packed7	wall_ns	368818.000	431265
4096	128	sparse4	prepared	packed7	conversion_in_ns	29380.500	34890
4096	128	sparse4	prepared	packed7	preparation_ns	43.000	58
4096	128	sparse4	prepared	packed7	upload_ns	72017.000	77354
4096	128	sparse4	prepared	packed7	compute_wall_ns	149901.500	161589
4096	128	sparse4	prepared	packed7	readback_ns	93367.000	138300
4096	128	sparse4	prepared	packed7	conversion_out_ns	20770.500	22495
4096	128	sparse4	fresh_resources	vec4	wall_ns	2169670.500	2238434
4096	128	sparse4	fresh_resources	vec4	conversion_in_ns	573200.500	633966
4096	128	sparse4	fresh_resources	vec4	preparation_ns	407742.000	417033
4096	128	sparse4	fresh_resources	vec4	upload_ns	89842.000	101280
4096	128	sparse4	fresh_resources	vec4	compute_wall_ns	254437.000	275494
4096	128	sparse4	fresh_resources	vec4	readback_ns	99138.000	108019
4096	128	sparse4	fresh_resources	vec4	conversion_out_ns	740436.000	782573
4096	128	sparse4	fresh_resources	packed7	wall_ns	1508385.000	1552261
4096	128	sparse4	fresh_resources	packed7	conversion_in_ns	31466.500	37545
4096	128	sparse4	fresh_resources	packed7	preparation_ns	1097354.500	1139660
4096	128	sparse4	fresh_resources	packed7	upload_ns	89271.500	98405
4096	128	sparse4	fresh_resources	packed7	compute_wall_ns	164580.000	182358
4096	128	sparse4	fresh_resources	packed7	readback_ns	98073.000	107342
4096	128	sparse4	fresh_resources	packed7	conversion_out_ns	21035.500	22731
4096	128	dense32	prepared	vec4	wall_ns	2263945.000	2513635
4096	128	dense32	prepared	vec4	conversion_in_ns	614835.500	627001
4096	128	dense32	prepared	vec4	preparation_ns	50.000	66
4096	128	dense32	prepared	vec4	upload_ns	73663.000	127197
4096	128	dense32	prepared	vec4	compute_wall_ns	238541.500	260658
4096	128	dense32	prepared	vec4	readback_ns	93941.500	114825
4096	128	dense32	prepared	vec4	conversion_out_ns	1236243.000	1348718
4096	128	dense32	prepared	packed7	wall_ns	369886.000	404333
4096	128	dense32	prepared	packed7	conversion_in_ns	29781.000	35050
4096	128	dense32	prepared	packed7	preparation_ns	43.000	56
4096	128	dense32	prepared	packed7	upload_ns	72426.500	88682
4096	128	dense32	prepared	packed7	compute_wall_ns	150532.500	167225
4096	128	dense32	prepared	packed7	readback_ns	92828.500	102580
4096	128	dense32	prepared	packed7	conversion_out_ns	20551.000	22578
4096	128	dense32	fresh_resources	vec4	wall_ns	2723629.000	2957903
4096	128	dense32	fresh_resources	vec4	conversion_in_ns	616998.500	670214
4096	128	dense32	fresh_resources	vec4	preparation_ns	408202.000	428656
4096	128	dense32	fresh_resources	vec4	upload_ns	91316.000	123930
4096	128	dense32	fresh_resources	vec4	compute_wall_ns	258803.500	329394
4096	128	dense32	fresh_resources	vec4	readback_ns	100228.500	134020
4096	128	dense32	fresh_resources	vec4	conversion_out_ns	1235076.000	1351665
4096	128	dense32	fresh_resources	packed7	wall_ns	1512463.500	1596530
4096	128	dense32	fresh_resources	packed7	conversion_in_ns	31866.000	51335
4096	128	dense32	fresh_resources	packed7	preparation_ns	1096655.500	1163114
4096	128	dense32	fresh_resources	packed7	upload_ns	90938.000	126523
4096	128	dense32	fresh_resources	packed7	compute_wall_ns	167090.500	205144
4096	128	dense32	fresh_resources	packed7	readback_ns	99197.000	113313
4096	128	dense32	fresh_resources	packed7	conversion_out_ns	20806.000	23117
16384	2048	boundary	prepared	vec4	wall_ns	151491796.500	160876870
16384	2048	boundary	prepared	vec4	conversion_in_ns	39775672.500	40999588
16384	2048	boundary	prepared	vec4	preparation_ns	49.500	70
16384	2048	boundary	prepared	vec4	upload_ns	933677.500	3864927
16384	2048	boundary	prepared	vec4	compute_wall_ns	489614.000	1371294
16384	2048	boundary	prepared	vec4	readback_ns	2777061.500	4658750
16384	2048	boundary	prepared	vec4	conversion_out_ns	106256603.500	116218438
16384	2048	boundary	prepared	packed7	wall_ns	12373195.000	17639864
16384	2048	boundary	prepared	packed7	conversion_in_ns	5742715.000	6241096
16384	2048	boundary	prepared	packed7	preparation_ns	50.500	70
16384	2048	boundary	prepared	packed7	upload_ns	926373.000	3884226
16384	2048	boundary	prepared	packed7	compute_wall_ns	335906.500	938781
16384	2048	boundary	prepared	packed7	readback_ns	2873798.500	4687731
16384	2048	boundary	prepared	packed7	conversion_out_ns	2393984.500	2689626
16384	2048	boundary	fresh_resources	vec4	wall_ns	153596516.500	161572155
16384	2048	boundary	fresh_resources	vec4	conversion_in_ns	39820552.500	41181003
16384	2048	boundary	fresh_resources	vec4	preparation_ns	589147.500	703458
16384	2048	boundary	fresh_resources	vec4	upload_ns	951659.000	4064761
16384	2048	boundary	fresh_resources	vec4	compute_wall_ns	497410.000	1761199
16384	2048	boundary	fresh_resources	vec4	readback_ns	2894981.500	4780558
16384	2048	boundary	fresh_resources	vec4	conversion_out_ns	105887281.000	115539425
16384	2048	boundary	fresh_resources	packed7	wall_ns	14264740.000	19559953
16384	2048	boundary	fresh_resources	packed7	conversion_in_ns	5785067.000	6224524
16384	2048	boundary	fresh_resources	packed7	preparation_ns	1296080.000	1401513
16384	2048	boundary	fresh_resources	packed7	upload_ns	944888.000	4060754
16384	2048	boundary	fresh_resources	packed7	compute_wall_ns	329085.500	1092589
16384	2048	boundary	fresh_resources	packed7	readback_ns	3004709.000	4835139
16384	2048	boundary	fresh_resources	packed7	conversion_out_ns	2429588.500	2624579
16384	2048	sparse4	prepared	vec4	wall_ns	147399383.500	158075894
16384	2048	sparse4	prepared	vec4	conversion_in_ns	39014927.500	39968011
16384	2048	sparse4	prepared	vec4	preparation_ns	56.000	66
16384	2048	sparse4	prepared	vec4	upload_ns	973462.000	4040073
16384	2048	sparse4	prepared	vec4	compute_wall_ns	531561.000	1800094
16384	2048	sparse4	prepared	vec4	readback_ns	2863167.000	4714807
16384	2048	sparse4	prepared	vec4	conversion_out_ns	103393097.000	111989381
16384	2048	sparse4	prepared	packed7	wall_ns	11221754.000	16924401
16384	2048	sparse4	prepared	packed7	conversion_in_ns	4345473.000	4590293
16384	2048	sparse4	prepared	packed7	preparation_ns	56.000	65
16384	2048	sparse4	prepared	packed7	upload_ns	953883.000	4033605
16384	2048	sparse4	prepared	packed7	compute_wall_ns	358906.500	1293340
16384	2048	sparse4	prepared	packed7	readback_ns	2760270.000	4607945
16384	2048	sparse4	prepared	packed7	conversion_out_ns	2297620.500	2661794
16384	2048	sparse4	fresh_resources	vec4	wall_ns	150215234.000	160145359
16384	2048	sparse4	fresh_resources	vec4	conversion_in_ns	39064366.000	43157927
16384	2048	sparse4	fresh_resources	vec4	preparation_ns	567815.000	746867
16384	2048	sparse4	fresh_resources	vec4	upload_ns	3886720.000	4077274
16384	2048	sparse4	fresh_resources	vec4	compute_wall_ns	1230870.500	1810158
16384	2048	sparse4	fresh_resources	vec4	readback_ns	4348412.500	4849507
16384	2048	sparse4	fresh_resources	vec4	conversion_out_ns	103338683.000	110259078
16384	2048	sparse4	fresh_resources	packed7	wall_ns	17163209.000	18683114
16384	2048	sparse4	fresh_resources	packed7	conversion_in_ns	4361105.000	4998389
16384	2048	sparse4	fresh_resources	packed7	preparation_ns	1285718.500	1411942
16384	2048	sparse4	fresh_resources	packed7	upload_ns	3866763.000	4054621
16384	2048	sparse4	fresh_resources	packed7	compute_wall_ns	783617.000	1448690
16384	2048	sparse4	fresh_resources	packed7	readback_ns	4343752.000	4710685
16384	2048	sparse4	fresh_resources	packed7	conversion_out_ns	2326725.500	2642377
16384	2048	dense32	prepared	vec4	wall_ns	166921701.000	176996743
16384	2048	dense32	prepared	vec4	conversion_in_ns	40821911.500	42239285
16384	2048	dense32	prepared	vec4	preparation_ns	55.000	71
16384	2048	dense32	prepared	vec4	upload_ns	1004685.000	4063506
16384	2048	dense32	prepared	vec4	compute_wall_ns	535440.500	1798929
16384	2048	dense32	prepared	vec4	readback_ns	3015417.500	4650267
16384	2048	dense32	prepared	vec4	conversion_out_ns	117601396.500	125878984
16384	2048	dense32	prepared	packed7	wall_ns	11592966.500	16695189
16384	2048	dense32	prepared	packed7	conversion_in_ns	4371758.000	4766302
16384	2048	dense32	prepared	packed7	preparation_ns	56.000	72
16384	2048	dense32	prepared	packed7	upload_ns	971230.000	4045898
16384	2048	dense32	prepared	packed7	compute_wall_ns	381054.500	1218952
16384	2048	dense32	prepared	packed7	readback_ns	2953620.500	4641044
16384	2048	dense32	prepared	packed7	conversion_out_ns	2306642.000	2704274
16384	2048	dense32	fresh_resources	vec4	wall_ns	164868386.000	175127652
16384	2048	dense32	fresh_resources	vec4	conversion_in_ns	40863422.000	44571586
16384	2048	dense32	fresh_resources	vec4	preparation_ns	571596.500	728143
16384	2048	dense32	fresh_resources	vec4	upload_ns	951850.500	4059918
16384	2048	dense32	fresh_resources	vec4	compute_wall_ns	499002.000	1789329
16384	2048	dense32	fresh_resources	vec4	readback_ns	2719670.000	4754064
16384	2048	dense32	fresh_resources	vec4	conversion_out_ns	117201669.000	123743325
16384	2048	dense32	fresh_resources	packed7	wall_ns	12004454.000	18063844
16384	2048	dense32	fresh_resources	packed7	conversion_in_ns	4378926.000	4610445
16384	2048	dense32	fresh_resources	packed7	preparation_ns	1292971.500	1430560
16384	2048	dense32	fresh_resources	packed7	upload_ns	945873.500	4049891
16384	2048	dense32	fresh_resources	packed7	compute_wall_ns	334515.500	1187962
16384	2048	dense32	fresh_resources	packed7	readback_ns	2670782.000	4690959
16384	2048	dense32	fresh_resources	packed7	conversion_out_ns	2338211.500	2654119
65536	512	boundary	prepared	vec4	wall_ns	120064266.000	127854829
65536	512	boundary	prepared	vec4	conversion_in_ns	38519462.000	40009934
65536	512	boundary	prepared	vec4	preparation_ns	55.000	67
65536	512	boundary	prepared	vec4	upload_ns	946456.500	4061089
65536	512	boundary	prepared	vec4	compute_wall_ns	569306.000	1963587
65536	512	boundary	prepared	vec4	readback_ns	2678614.500	4676255
65536	512	boundary	prepared	vec4	conversion_out_ns	76141927.500	78747509
65536	512	boundary	prepared	packed7	wall_ns	10740345.000	16866086
65536	512	boundary	prepared	packed7	conversion_in_ns	4370664.500	4928505
65536	512	boundary	prepared	packed7	preparation_ns	55.000	67
65536	512	boundary	prepared	packed7	upload_ns	941339.000	4041094
65536	512	boundary	prepared	packed7	compute_wall_ns	407722.500	1586437
65536	512	boundary	prepared	packed7	readback_ns	2655567.500	4582917
65536	512	boundary	prepared	packed7	conversion_out_ns	2303041.500	2670206
65536	512	boundary	fresh_resources	vec4	wall_ns	122453047.500	129317099
65536	512	boundary	fresh_resources	vec4	conversion_in_ns	38546706.000	42688484
65536	512	boundary	fresh_resources	vec4	preparation_ns	596309.000	739997
65536	512	boundary	fresh_resources	vec4	upload_ns	964466.500	4083802
65536	512	boundary	fresh_resources	vec4	compute_wall_ns	571895.500	1965421
65536	512	boundary	fresh_resources	vec4	readback_ns	2881091.000	4838194
65536	512	boundary	fresh_resources	vec4	conversion_out_ns	76375193.500	79716142
65536	512	boundary	fresh_resources	packed7	wall_ns	12267563.000	18428234
65536	512	boundary	fresh_resources	packed7	conversion_in_ns	4396711.000	4517875
65536	512	boundary	fresh_resources	packed7	preparation_ns	1311169.000	1431357
65536	512	boundary	fresh_resources	packed7	upload_ns	949153.500	4056575
65536	512	boundary	fresh_resources	packed7	compute_wall_ns	401369.000	1582819
65536	512	boundary	fresh_resources	packed7	readback_ns	2744036.500	4678830
65536	512	boundary	fresh_resources	packed7	conversion_out_ns	2331094.000	2653552
65536	512	sparse4	prepared	vec4	wall_ns	121078729.500	127141332
65536	512	sparse4	prepared	vec4	conversion_in_ns	38451356.000	39655153
65536	512	sparse4	prepared	vec4	preparation_ns	56.000	68
65536	512	sparse4	prepared	vec4	upload_ns	1884599.000	4070764
65536	512	sparse4	prepared	vec4	compute_wall_ns	803803.500	1976135
65536	512	sparse4	prepared	vec4	readback_ns	3194892.500	4660063
65536	512	sparse4	prepared	vec4	conversion_out_ns	76197206.000	78383947
65536	512	sparse4	prepared	packed7	wall_ns	12294479.000	16834752
65536	512	sparse4	prepared	packed7	conversion_in_ns	4374954.000	4515194
65536	512	sparse4	prepared	packed7	preparation_ns	55.500	72
65536	512	sparse4	prepared	packed7	upload_ns	1431579.500	4037838
65536	512	sparse4	prepared	packed7	compute_wall_ns	562219.500	1686793
65536	512	sparse4	prepared	packed7	readback_ns	3129769.000	4584912
65536	512	sparse4	prepared	packed7	conversion_out_ns	2297083.500	2460604
65536	512	sparse4	fresh_resources	vec4	wall_ns	122034150.000	127170900
65536	512	sparse4	fresh_resources	vec4	conversion_in_ns	38460032.000	41281527
65536	512	sparse4	fresh_resources	vec4	preparation_ns	592917.000	734946
65536	512	sparse4	fresh_resources	vec4	upload_ns	3882865.000	4079566
65536	512	sparse4	fresh_resources	vec4	compute_wall_ns	1436112.000	1983249
65536	512	sparse4	fresh_resources	vec4	readback_ns	4360254.000	4824281
65536	512	sparse4	fresh_resources	vec4	conversion_out_ns	75978914.000	77102311
65536	512	sparse4	fresh_resources	packed7	wall_ns	17242237.000	18420949
65536	512	sparse4	fresh_resources	packed7	conversion_in_ns	4385237.000	4568814
65536	512	sparse4	fresh_resources	packed7	preparation_ns	1308517.000	1435067
65536	512	sparse4	fresh_resources	packed7	upload_ns	3879982.500	4064243
65536	512	sparse4	fresh_resources	packed7	compute_wall_ns	947945.000	1577448
65536	512	sparse4	fresh_resources	packed7	readback_ns	4342267.000	4721178
65536	512	sparse4	fresh_resources	packed7	conversion_out_ns	2334317.000	2683721
65536	512	dense32	prepared	vec4	wall_ns	127256804.500	132163583
65536	512	dense32	prepared	vec4	conversion_in_ns	39140337.500	40466715
65536	512	dense32	prepared	vec4	preparation_ns	54.000	72
65536	512	dense32	prepared	vec4	upload_ns	3956290.000	4067312
65536	512	dense32	prepared	vec4	compute_wall_ns	1593145.500	2005455
65536	512	dense32	prepared	vec4	readback_ns	4345267.000	4834115
65536	512	dense32	prepared	vec4	conversion_out_ns	79042370.500	82236351
65536	512	dense32	prepared	packed7	wall_ns	16115747.500	17706568
65536	512	dense32	prepared	packed7	conversion_in_ns	4368485.000	4495749
65536	512	dense32	prepared	packed7	preparation_ns	54.500	65
65536	512	dense32	prepared	packed7	upload_ns	3956144.000	4050231
65536	512	dense32	prepared	packed7	compute_wall_ns	1247419.500	1703345
65536	512	dense32	prepared	packed7	readback_ns	4320275.000	4757663
65536	512	dense32	prepared	packed7	conversion_out_ns	2297967.500	2543586
65536	512	dense32	fresh_resources	vec4	wall_ns	127177199.000	134598969
65536	512	dense32	fresh_resources	vec4	conversion_in_ns	39221504.500	43146841
65536	512	dense32	fresh_resources	vec4	preparation_ns	587397.000	703283
65536	512	dense32	fresh_resources	vec4	upload_ns	958504.500	4069427
65536	512	dense32	fresh_resources	vec4	compute_wall_ns	589093.500	1972076
65536	512	dense32	fresh_resources	vec4	readback_ns	2760367.500	4689416
65536	512	dense32	fresh_resources	vec4	conversion_out_ns	80662451.500	83964850
65536	512	dense32	fresh_resources	packed7	wall_ns	12316285.000	18286533
65536	512	dense32	fresh_resources	packed7	conversion_in_ns	4396468.000	4595882
65536	512	dense32	fresh_resources	packed7	preparation_ns	1299675.500	1417861
65536	512	dense32	fresh_resources	packed7	upload_ns	958344.500	4064367
65536	512	dense32	fresh_resources	packed7	compute_wall_ns	411770.500	1563358
65536	512	dense32	fresh_resources	packed7	readback_ns	2729084.500	4616701
65536	512	dense32	fresh_resources	packed7	conversion_out_ns	2339564.000	2585644
262144	128	boundary	prepared	vec4	wall_ns	91193518.500	99418891
262144	128	boundary	prepared	vec4	conversion_in_ns	38488244.500	39790486
262144	128	boundary	prepared	vec4	preparation_ns	52.000	67
262144	128	boundary	prepared	vec4	upload_ns	941881.500	4054406
262144	128	boundary	prepared	vec4	compute_wall_ns	618096.500	2162144
262144	128	boundary	prepared	vec4	readback_ns	2658395.000	4655761
262144	128	boundary	prepared	vec4	conversion_out_ns	45986405.000	50943778
262144	128	boundary	prepared	packed7	wall_ns	10665243.500	16972070
262144	128	boundary	prepared	packed7	conversion_in_ns	4361560.500	4505789
262144	128	boundary	prepared	packed7	preparation_ns	53.000	67
262144	128	boundary	prepared	packed7	upload_ns	930088.000	4033204
262144	128	boundary	prepared	packed7	compute_wall_ns	459372.000	1806015
262144	128	boundary	prepared	packed7	readback_ns	2603500.500	4520465
262144	128	boundary	prepared	packed7	conversion_out_ns	2304013.000	2552283
262144	128	boundary	fresh_resources	vec4	wall_ns	91732191.500	99050719
262144	128	boundary	fresh_resources	vec4	conversion_in_ns	38497263.500	40356560
262144	128	boundary	fresh_resources	vec4	preparation_ns	591528.500	682968
262144	128	boundary	fresh_resources	vec4	upload_ns	945540.000	4059126
262144	128	boundary	fresh_resources	vec4	compute_wall_ns	636642.000	2193620
262144	128	boundary	fresh_resources	vec4	readback_ns	2661469.500	4619670
262144	128	boundary	fresh_resources	vec4	conversion_out_ns	45963828.500	50372207
262144	128	boundary	fresh_resources	packed7	wall_ns	11993571.000	18063908
262144	128	boundary	fresh_resources	packed7	conversion_in_ns	4378500.500	4506662
262144	128	boundary	fresh_resources	packed7	preparation_ns	1301804.500	1393483
262144	128	boundary	fresh_resources	packed7	upload_ns	938094.500	4042278
262144	128	boundary	fresh_resources	packed7	compute_wall_ns	450036.500	1466835
262144	128	boundary	fresh_resources	packed7	readback_ns	2600272.000	4549082
262144	128	boundary	fresh_resources	packed7	conversion_out_ns	2318077.000	2540429
262144	128	sparse4	prepared	vec4	wall_ns	85880181.500	93251040
262144	128	sparse4	prepared	vec4	conversion_in_ns	38484287.500	39656828
262144	128	sparse4	prepared	vec4	preparation_ns	55.000	72
262144	128	sparse4	prepared	vec4	upload_ns	936978.000	4042424
262144	128	sparse4	prepared	vec4	compute_wall_ns	626850.000	2178027
262144	128	sparse4	prepared	vec4	readback_ns	2608715.500	4594776
262144	128	sparse4	prepared	vec4	conversion_out_ns	43125574.000	44322779
262144	128	sparse4	prepared	packed7	wall_ns	10577531.500	17050158
262144	128	sparse4	prepared	packed7	conversion_in_ns	4358687.500	4532859
262144	128	sparse4	prepared	packed7	preparation_ns	55.000	67
262144	128	sparse4	prepared	packed7	upload_ns	929859.500	4028013
262144	128	sparse4	prepared	packed7	compute_wall_ns	461672.500	1817511
262144	128	sparse4	prepared	packed7	readback_ns	2562545.500	4553665
262144	128	sparse4	prepared	packed7	conversion_out_ns	2283440.000	2527698
262144	128	sparse4	fresh_resources	vec4	wall_ns	86828539.000	93398599
262144	128	sparse4	fresh_resources	vec4	conversion_in_ns	38519476.500	42707500
262144	128	sparse4	fresh_resources	vec4	preparation_ns	599334.000	690799
262144	128	sparse4	fresh_resources	vec4	upload_ns	949812.000	4059249
262144	128	sparse4	fresh_resources	vec4	compute_wall_ns	626074.500	2176418
262144	128	sparse4	fresh_resources	vec4	readback_ns	2694678.500	4663730
262144	128	sparse4	fresh_resources	vec4	conversion_out_ns	43166812.500	44050621
262144	128	sparse4	fresh_resources	packed7	wall_ns	12097341.500	18468250
262144	128	sparse4	fresh_resources	packed7	conversion_in_ns	4384687.500	4514869
262144	128	sparse4	fresh_resources	packed7	preparation_ns	1309613.000	1413266
262144	128	sparse4	fresh_resources	packed7	upload_ns	942269.000	4052176
262144	128	sparse4	fresh_resources	packed7	compute_wall_ns	445137.000	1802621
262144	128	sparse4	fresh_resources	packed7	readback_ns	2656988.500	4623321
262144	128	sparse4	fresh_resources	packed7	conversion_out_ns	2317882.000	2525101
262144	128	dense32	prepared	vec4	wall_ns	91226534.500	99382351
262144	128	dense32	prepared	vec4	conversion_in_ns	38529096.000	39833315
262144	128	dense32	prepared	vec4	preparation_ns	54.000	70
262144	128	dense32	prepared	vec4	upload_ns	979545.500	4063398
262144	128	dense32	prepared	vec4	compute_wall_ns	689328.000	2157166
262144	128	dense32	prepared	vec4	readback_ns	3104914.000	4739597
262144	128	dense32	prepared	vec4	conversion_out_ns	48095591.500	50047969
262144	128	dense32	prepared	packed7	wall_ns	11120509.000	17208130
262144	128	dense32	prepared	packed7	conversion_in_ns	4373198.500	4537277
262144	128	dense32	prepared	packed7	preparation_ns	55.000	66
262144	128	dense32	prepared	packed7	upload_ns	949085.500	4036998
262144	128	dense32	prepared	packed7	compute_wall_ns	515348.500	1816853
262144	128	dense32	prepared	packed7	readback_ns	2738940.000	4582659
262144	128	dense32	prepared	packed7	conversion_out_ns	2289011.500	2587463
262144	128	dense32	fresh_resources	vec4	wall_ns	91753675.000	99907546
262144	128	dense32	fresh_resources	vec4	conversion_in_ns	38508176.500	42708939
262144	128	dense32	fresh_resources	vec4	preparation_ns	611702.500	747945
262144	128	dense32	fresh_resources	vec4	upload_ns	972466.000	4078462
262144	128	dense32	fresh_resources	vec4	compute_wall_ns	643890.000	2153104
262144	128	dense32	fresh_resources	vec4	readback_ns	2847154.500	4875457
262144	128	dense32	fresh_resources	vec4	conversion_out_ns	47776595.000	50087226
262144	128	dense32	fresh_resources	packed7	wall_ns	12233941.000	18467092
262144	128	dense32	fresh_resources	packed7	conversion_in_ns	4376025.500	4504712
262144	128	dense32	fresh_resources	packed7	preparation_ns	1324817.500	1434013
262144	128	dense32	fresh_resources	packed7	upload_ns	954436.500	4066371
262144	128	dense32	fresh_resources	packed7	compute_wall_ns	462808.500	1728499
262144	128	dense32	fresh_resources	packed7	readback_ns	2705371.000	4633348
262144	128	dense32	fresh_resources	packed7	conversion_out_ns	2315382.000	2493774
16384	129	boundary	prepared	vec4	wall_ns	6691992.000	8760364
16384	129	boundary	prepared	vec4	conversion_in_ns	2339658.000	2453275
16384	129	boundary	prepared	vec4	preparation_ns	46.000	65
16384	129	boundary	prepared	vec4	upload_ns	252611.000	1034743
16384	129	boundary	prepared	vec4	compute_wall_ns	375390.000	1294412
16384	129	boundary	prepared	vec4	readback_ns	319973.000	581176
16384	129	boundary	prepared	vec4	conversion_out_ns	3390921.500	3714621
16384	129	boundary	prepared	packed7	wall_ns	815557.000	2165516
16384	129	boundary	prepared	packed7	conversion_in_ns	112025.000	159952
16384	129	boundary	prepared	packed7	preparation_ns	45.000	63
16384	129	boundary	prepared	packed7	upload_ns	168135.000	806809
16384	129	boundary	prepared	packed7	compute_wall_ns	239197.000	744736
16384	129	boundary	prepared	packed7	readback_ns	204417.000	372653
16384	129	boundary	prepared	packed7	conversion_out_ns	82464.000	166055
16384	129	boundary	fresh_resources	vec4	wall_ns	7305165.500	8982772
16384	129	boundary	fresh_resources	vec4	conversion_in_ns	2343253.500	2605961
16384	129	boundary	fresh_resources	vec4	preparation_ns	449794.000	464663
16384	129	boundary	fresh_resources	vec4	upload_ns	277884.500	1062404
16384	129	boundary	fresh_resources	vec4	compute_wall_ns	376545.000	931789
16384	129	boundary	fresh_resources	vec4	readback_ns	326357.500	588807
16384	129	boundary	fresh_resources	vec4	conversion_out_ns	3372537.500	3746921
16384	129	boundary	fresh_resources	packed7	wall_ns	2014506.500	3303755
16384	129	boundary	fresh_resources	packed7	conversion_in_ns	114296.000	127401
16384	129	boundary	fresh_resources	packed7	preparation_ns	1142813.500	1177452
16384	129	boundary	fresh_resources	packed7	upload_ns	193814.000	842070
16384	129	boundary	fresh_resources	packed7	compute_wall_ns	251858.000	556058
16384	129	boundary	fresh_resources	packed7	readback_ns	220563.000	378921
16384	129	boundary	fresh_resources	packed7	conversion_out_ns	82679.500	166625
16384	129	sparse4	prepared	vec4	wall_ns	6684316.000	8179345
16384	129	sparse4	prepared	vec4	conversion_in_ns	2344109.500	2436778
16384	129	sparse4	prepared	vec4	preparation_ns	48.000	74
16384	129	sparse4	prepared	vec4	upload_ns	438814.500	1029452
16384	129	sparse4	prepared	vec4	compute_wall_ns	388830.000	761332
16384	129	sparse4	prepared	vec4	readback_ns	325842.500	568504
16384	129	sparse4	prepared	vec4	conversion_out_ns	3342662.500	3553188
16384	129	sparse4	prepared	packed7	wall_ns	911229.000	2007938
16384	129	sparse4	prepared	packed7	conversion_in_ns	112136.500	127252
16384	129	sparse4	prepared	packed7	preparation_ns	45.000	70
16384	129	sparse4	prepared	packed7	upload_ns	164498.000	797473
16384	129	sparse4	prepared	packed7	compute_wall_ns	279260.000	521058
16384	129	sparse4	prepared	packed7	readback_ns	212819.000	372644
16384	129	sparse4	prepared	packed7	conversion_out_ns	82449.000	144069
16384	129	sparse4	fresh_resources	vec4	wall_ns	7575322.500	8753501
16384	129	sparse4	fresh_resources	vec4	conversion_in_ns	2350034.000	2601027
16384	129	sparse4	fresh_resources	vec4	preparation_ns	449043.500	471995
16384	129	sparse4	fresh_resources	vec4	upload_ns	478247.500	1064901
16384	129	sparse4	fresh_resources	vec4	compute_wall_ns	455117.000	829954
16384	129	sparse4	fresh_resources	vec4	readback_ns	341724.500	586794
16384	129	sparse4	fresh_resources	vec4	conversion_out_ns	3347835.000	3532797
16384	129	sparse4	fresh_resources	packed7	wall_ns	2296047.500	3099359
16384	129	sparse4	fresh_resources	packed7	conversion_in_ns	114512.500	125226
16384	129	sparse4	fresh_resources	packed7	preparation_ns	1142881.500	1182899
16384	129	sparse4	fresh_resources	packed7	upload_ns	393237.000	837543
16384	129	sparse4	fresh_resources	packed7	compute_wall_ns	265189.500	524057
16384	129	sparse4	fresh_resources	packed7	readback_ns	229914.500	382615
16384	129	sparse4	fresh_resources	packed7	conversion_out_ns	82696.000	166589
16384	129	dense32	prepared	vec4	wall_ns	8052884.000	9230053
16384	129	dense32	prepared	vec4	conversion_in_ns	2410485.500	2495617
16384	129	dense32	prepared	vec4	preparation_ns	55.000	69
16384	129	dense32	prepared	vec4	upload_ns	468584.000	1027382
16384	129	dense32	prepared	vec4	compute_wall_ns	427626.500	796468
16384	129	dense32	prepared	vec4	readback_ns	443017.000	586644
16384	129	dense32	prepared	vec4	conversion_out_ns	4240822.500	4647113
16384	129	dense32	prepared	packed7	wall_ns	1008495.000	1785964
16384	129	dense32	prepared	packed7	conversion_in_ns	112210.500	128748
16384	129	dense32	prepared	packed7	preparation_ns	46.000	60
16384	129	dense32	prepared	packed7	upload_ns	238311.500	820423
16384	129	dense32	prepared	packed7	compute_wall_ns	276362.000	482952
16384	129	dense32	prepared	packed7	readback_ns	267053.000	369368
16384	129	dense32	prepared	packed7	conversion_out_ns	82537.000	166082
16384	129	dense32	fresh_resources	vec4	wall_ns	8669346.000	9798805
16384	129	dense32	fresh_resources	vec4	conversion_in_ns	2414845.500	2646989
16384	129	dense32	fresh_resources	vec4	preparation_ns	442740.500	466617
16384	129	dense32	fresh_resources	vec4	upload_ns	813595.000	1059456
16384	129	dense32	fresh_resources	vec4	compute_wall_ns	535011.000	815425
16384	129	dense32	fresh_resources	vec4	readback_ns	432332.500	583042
16384	129	dense32	fresh_resources	vec4	conversion_out_ns	4240885.000	4661933
16384	129	dense32	fresh_resources	packed7	wall_ns	2604547.500	3031405
16384	129	dense32	fresh_resources	packed7	conversion_in_ns	114301.500	134271
16384	129	dense32	fresh_resources	packed7	preparation_ns	1140545.000	1180063
16384	129	dense32	fresh_resources	packed7	upload_ns	659802.000	841827
16384	129	dense32	fresh_resources	packed7	compute_wall_ns	319464.500	503062
16384	129	dense32	fresh_resources	packed7	readback_ns	276573.000	366147
16384	129	dense32	fresh_resources	packed7	conversion_out_ns	82679.500	166392
65536	129	boundary	prepared	vec4	wall_ns	27283686.500	29137214
65536	129	boundary	prepared	vec4	conversion_in_ns	9472460.000	9607390
65536	129	boundary	prepared	vec4	preparation_ns	48.000	69
65536	129	boundary	prepared	vec4	upload_ns	1777990.500	2320852
65536	129	boundary	prepared	vec4	compute_wall_ns	879832.500	1323857
65536	129	boundary	prepared	vec4	readback_ns	1374834.500	1841869
65536	129	boundary	prepared	vec4	conversion_out_ns	13359336.000	14346330
65536	129	boundary	prepared	packed7	wall_ns	3288823.000	4153645
65536	129	boundary	prepared	packed7	conversion_in_ns	448065.000	473565
65536	129	boundary	prepared	packed7	preparation_ns	46.000	63
65536	129	boundary	prepared	packed7	upload_ns	1138675.000	1456218
65536	129	boundary	prepared	packed7	compute_wall_ns	514154.500	914529
65536	129	boundary	prepared	packed7	readback_ns	737521.000	1009266
65536	129	boundary	prepared	packed7	conversion_out_ns	325352.500	444236
65536	129	boundary	fresh_resources	vec4	wall_ns	28332343.000	30335052
65536	129	boundary	fresh_resources	vec4	conversion_in_ns	9482069.500	10522780
65536	129	boundary	fresh_resources	vec4	preparation_ns	445640.000	487803
65536	129	boundary	fresh_resources	vec4	upload_ns	2201061.000	2351340
65536	129	boundary	fresh_resources	vec4	compute_wall_ns	949047.500	1718955
65536	129	boundary	fresh_resources	vec4	readback_ns	1688831.500	2142038
65536	129	boundary	fresh_resources	vec4	conversion_out_ns	13375898.000	14358158
65536	129	boundary	fresh_resources	packed7	wall_ns	4889599.000	5692814
65536	129	boundary	fresh_resources	packed7	conversion_in_ns	454039.000	494238
65536	129	boundary	fresh_resources	packed7	preparation_ns	1144506.500	1204238
65536	129	boundary	fresh_resources	packed7	upload_ns	1372210.000	1494687
65536	129	boundary	fresh_resources	packed7	compute_wall_ns	587916.500	1220000
65536	129	boundary	fresh_resources	packed7	readback_ns	922148.000	1030253
65536	129	boundary	fresh_resources	packed7	conversion_out_ns	326673.000	441856
65536	129	sparse4	prepared	vec4	wall_ns	25540243.000	28293369
65536	129	sparse4	prepared	vec4	conversion_in_ns	9473974.500	9609364
65536	129	sparse4	prepared	vec4	preparation_ns	49.000	71
65536	129	sparse4	prepared	vec4	upload_ns	1563883.000	2322009
65536	129	sparse4	prepared	vec4	compute_wall_ns	814742.000	1572802
65536	129	sparse4	prepared	vec4	readback_ns	1436599.500	1824039
65536	129	sparse4	prepared	vec4	conversion_out_ns	12949755.000	13460215
65536	129	sparse4	prepared	packed7	wall_ns	3271109.500	4338720
65536	129	sparse4	prepared	packed7	conversion_in_ns	449663.000	493975
65536	129	sparse4	prepared	packed7	preparation_ns	47.000	69
65536	129	sparse4	prepared	packed7	upload_ns	946915.500	1464917
65536	129	sparse4	prepared	packed7	compute_wall_ns	495535.000	1010497
65536	129	sparse4	prepared	packed7	readback_ns	776892.500	1015690
65536	129	sparse4	prepared	packed7	conversion_out_ns	325281.500	445291
65536	129	sparse4	fresh_resources	vec4	wall_ns	26407810.000	29856228
65536	129	sparse4	fresh_resources	vec4	conversion_in_ns	9489025.500	10560530
65536	129	sparse4	fresh_resources	vec4	preparation_ns	453997.000	594609
65536	129	sparse4	fresh_resources	vec4	upload_ns	1706034.000	2344001
65536	129	sparse4	fresh_resources	vec4	compute_wall_ns	841642.500	1566661
65536	129	sparse4	fresh_resources	vec4	readback_ns	1683101.000	2180589
65536	129	sparse4	fresh_resources	vec4	conversion_out_ns	12988225.000	13500712
65536	129	sparse4	fresh_resources	packed7	wall_ns	4691331.000	5498342
65536	129	sparse4	fresh_resources	packed7	conversion_in_ns	459806.500	526450
65536	129	sparse4	fresh_resources	packed7	preparation_ns	1163495.000	1355872
65536	129	sparse4	fresh_resources	packed7	upload_ns	1180931.000	1491188
65536	129	sparse4	fresh_resources	packed7	compute_wall_ns	519652.500	985780
65536	129	sparse4	fresh_resources	packed7	readback_ns	806089.500	1014586
65536	129	sparse4	fresh_resources	packed7	conversion_out_ns	333187.500	460554
65536	129	dense32	prepared	vec4	wall_ns	27634517.500	30919821
65536	129	dense32	prepared	vec4	conversion_in_ns	9537523.000	9606808
65536	129	dense32	prepared	vec4	preparation_ns	51.000	67
65536	129	dense32	prepared	vec4	upload_ns	1326656.500	2311684
65536	129	dense32	prepared	vec4	compute_wall_ns	801263.000	1586465
65536	129	dense32	prepared	vec4	readback_ns	1149516.500	1844203
65536	129	dense32	prepared	vec4	conversion_out_ns	14598143.500	16160993
65536	129	dense32	prepared	packed7	wall_ns	2848088.000	4115988
65536	129	dense32	prepared	packed7	conversion_in_ns	449077.500	469510
65536	129	dense32	prepared	packed7	preparation_ns	47.000	61
65536	129	dense32	prepared	packed7	upload_ns	894251.500	1460040
65536	129	dense32	prepared	packed7	compute_wall_ns	461186.000	923357
65536	129	dense32	prepared	packed7	readback_ns	644033.500	1000202
65536	129	dense32	prepared	packed7	conversion_out_ns	326183.500	444571
65536	129	dense32	fresh_resources	vec4	wall_ns	28508960.000	31496014
65536	129	dense32	fresh_resources	vec4	conversion_in_ns	9560132.500	10581802
65536	129	dense32	fresh_resources	vec4	preparation_ns	446124.500	490876
65536	129	dense32	fresh_resources	vec4	upload_ns	2207192.500	2341316
65536	129	dense32	fresh_resources	vec4	compute_wall_ns	915973.500	1558637
65536	129	dense32	fresh_resources	vec4	readback_ns	1674051.500	1833549
65536	129	dense32	fresh_resources	vec4	conversion_out_ns	14693859.500	16219898
65536	129	dense32	fresh_resources	packed7	wall_ns	4813220.000	5448656
65536	129	dense32	fresh_resources	packed7	conversion_in_ns	459097.500	489434
65536	129	dense32	fresh_resources	packed7	preparation_ns	1144755.000	1195390
65536	129	dense32	fresh_resources	packed7	upload_ns	1372234.000	1488970
65536	129	dense32	fresh_resources	packed7	compute_wall_ns	519160.500	1040483
65536	129	dense32	fresh_resources	packed7	readback_ns	902258.500	1012751
65536	129	dense32	fresh_resources	packed7	conversion_out_ns	330011.500	445829
