K	G	bank	mode	median_process_ratio	min_process_ratio	max_process_ratio	all_ten_above_1_05	paired_regressions	vec4_p50_ms	vec4_p95_ms	packed7_p50_ms	packed7_p95_ms
4096	128	boundary	prepared	4.548380709	4.455456630	4.697760809	true	0	1.682524	1.783299	0.371212	0.407554
4096	128	boundary	fresh_resources	1.414420464	1.402555543	1.430874189	true	0	2.138844	2.657927	1.508828	1.746822
4096	128	sparse4	prepared	4.649011391	4.546243299	4.798144700	true	10	1.718203	1.994210	0.368818	0.431265
4096	128	sparse4	fresh_resources	1.438437030	1.415630545	1.447106798	true	0	2.169671	2.238434	1.508385	1.552261
4096	128	dense32	prepared	6.116191549	5.894700963	6.349969187	true	0	2.263945	2.513635	0.369886	0.404333
4096	128	dense32	fresh_resources	1.798106570	1.774904364	1.815059329	true	4	2.723629	2.957903	1.512463	1.596530
16384	2048	boundary	prepared	12.154252562	10.926182389	12.643032100	true	0	151.491796	160.876870	12.373195	17.639864
16384	2048	boundary	fresh_resources	10.720642785	7.978081207	11.204964500	true	0	153.596517	161.572155	14.264740	19.559953
16384	2048	sparse4	prepared	13.116448363	9.234920390	14.238621496	true	0	147.399383	158.075894	11.221754	16.924401
16384	2048	sparse4	fresh_resources	9.846212415	8.680762240	12.603565869	true	0	150.215234	160.145359	17.163209	18.683114
16384	2048	dense32	prepared	13.198633561	10.243035897	15.764190838	true	0	166.921701	176.996743	11.592966	16.695189
16384	2048	dense32	fresh_resources	13.517457658	9.439141947	14.210172515	true	0	164.868386	175.127652	12.004454	18.063844
65536	512	boundary	prepared	11.165233105	7.548635158	11.350998453	true	0	120.064266	127.854829	10.740345	16.866086
65536	512	boundary	fresh_resources	9.983487394	6.946014840	10.146343939	true	0	122.453047	129.317099	12.267563	18.428234
65536	512	sparse4	prepared	9.440075512	7.454958991	11.227713982	true	0	121.078729	127.141332	12.294479	16.834752
65536	512	sparse4	fresh_resources	7.728785742	6.879770019	10.016183199	true	0	122.034150	127.170900	17.242237	18.420949
65536	512	dense32	prepared	7.929401612	7.745111200	11.740479521	true	0	127.256805	132.163583	16.115748	17.706568
65536	512	dense32	fresh_resources	10.328397959	7.233378682	10.503831684	true	0	127.177199	134.598969	12.316285	18.286533
262144	128	boundary	prepared	8.374666409	5.729375062	8.528913636	true	0	91.193518	99.418891	10.665244	16.972070
262144	128	boundary	fresh_resources	7.487361098	5.383034637	7.846531995	true	0	91.732191	99.050719	11.993571	18.063908
262144	128	sparse4	prepared	8.085615542	5.374606508	8.198556465	true	0	85.880182	93.251040	10.577531	17.050158
262144	128	sparse4	fresh_resources	7.095267242	5.070081695	7.226198189	true	0	86.828539	93.398599	12.097342	18.468250
262144	128	dense32	prepared	8.027189180	5.674923146	8.681960501	true	0	91.226534	99.382351	11.120509	17.208130
262144	128	dense32	fresh_resources	7.156106285	5.336378521	7.663784271	true	0	91.753675	99.907546	12.233941	18.467092
16384	129	boundary	prepared	8.467363908	4.033230092	9.749053058	true	0	6.691992	8.760364	0.815557	2.165516
16384	129	boundary	fresh_resources	3.595558206	2.807928855	3.816530830	true	0	7.305166	8.982772	2.014506	3.303755
16384	129	sparse4	prepared	8.047816703	4.902168668	9.577508160	true	0	6.684316	8.179345	0.911229	2.007938
16384	129	sparse4	fresh_resources	3.340501280	2.780116431	3.756211381	true	0	7.575323	8.753501	2.296047	3.099359
16384	129	dense32	prepared	7.721066497	5.762442015	10.974177058	true	0	8.052884	9.230053	1.008495	1.785964
16384	129	dense32	fresh_resources	3.644874124	3.156381602	4.304315288	true	0	8.669346	9.798805	2.604547	3.031405
65536	129	boundary	prepared	8.469067774	7.048931418	14.367699588	true	0	27.283687	29.137214	3.288823	4.153645
65536	129	boundary	fresh_resources	5.789517022	5.202862702	8.581459511	true	0	28.332343	30.335052	4.889599	5.692814
65536	129	sparse4	prepared	9.887410656	6.396502621	13.877832693	true	0	25.540243	28.293369	3.271110	4.338720
65536	129	sparse4	fresh_resources	6.242422136	5.297128281	8.301064415	true	0	26.407810	29.856228	4.691331	5.498342
65536	129	dense32	prepared	9.291541073	7.213184033	14.788878251	true	0	27.634518	30.919821	2.848088	4.115988
65536	129	dense32	fresh_resources	6.299574115	5.672754198	9.074259366	true	0	28.508960	31.496014	4.813220	5.448656
