K	G	bank	mode	run	median_paired_ratio	minimum_paired_ratio	paired_regressions
4096	128	boundary	prepared	1	4.636368198	4.477062096	0
4096	128	boundary	prepared	2	4.580731665	4.071356860	0
4096	128	boundary	prepared	3	4.497515924	3.242017689	0
4096	128	boundary	prepared	4	4.474537555	3.137915619	0
4096	128	boundary	prepared	5	4.494503219	4.357839610	0
4096	128	boundary	prepared	6	4.572776086	4.118499961	0
4096	128	boundary	prepared	7	4.697760809	4.279565102	0
4096	128	boundary	prepared	8	4.455456630	3.834664808	0
4096	128	boundary	prepared	9	4.523985331	4.065143402	0
4096	128	boundary	prepared	10	4.612930257	4.162753381	0
4096	128	boundary	fresh_resources	1	1.430874189	1.363537562	0
4096	128	boundary	fresh_resources	2	1.418362423	1.363793542	0
4096	128	boundary	fresh_resources	3	1.402555543	1.168688141	0
4096	128	boundary	fresh_resources	4	1.408918528	1.205186333	0
4096	128	boundary	fresh_resources	5	1.422960802	1.388616749	0
4096	128	boundary	fresh_resources	6	1.407238569	1.349800216	0
4096	128	boundary	fresh_resources	7	1.414703968	1.369852590	0
4096	128	boundary	fresh_resources	8	1.413583633	1.355630798	0
4096	128	boundary	fresh_resources	9	1.416642399	1.367801022	0
4096	128	boundary	fresh_resources	10	1.414136960	1.358337134	0
4096	128	sparse4	prepared	1	4.640540650	0.767778871	1
4096	128	sparse4	prepared	2	4.657482133	0.758869464	1
4096	128	sparse4	prepared	3	4.798144700	0.743861491	1
4096	128	sparse4	prepared	4	4.620040567	0.761281815	1
4096	128	sparse4	prepared	5	4.546243299	0.774902200	1
4096	128	sparse4	prepared	6	4.664717627	0.752430572	1
4096	128	sparse4	prepared	7	4.709651346	0.740293266	1
4096	128	sparse4	prepared	8	4.563211615	0.860041109	1
4096	128	sparse4	prepared	9	4.595999992	0.757056422	1
4096	128	sparse4	prepared	10	4.707874941	0.784274012	1
4096	128	sparse4	fresh_resources	1	1.446035414	1.358648177	0
4096	128	sparse4	fresh_resources	2	1.447106798	1.308652897	0
4096	128	sparse4	fresh_resources	3	1.415630545	1.306978688	0
4096	128	sparse4	fresh_resources	4	1.441054230	1.341076400	0
4096	128	sparse4	fresh_resources	5	1.446129656	1.327956522	0
4096	128	sparse4	fresh_resources	6	1.435819829	1.321683265	0
4096	128	sparse4	fresh_resources	7	1.416196477	1.308414575	0
4096	128	sparse4	fresh_resources	8	1.429918600	1.233270511	0
4096	128	sparse4	fresh_resources	9	1.431898802	1.322223234	0
4096	128	sparse4	fresh_resources	10	1.444431972	1.338552271	0
4096	128	dense32	prepared	1	6.226183917	5.831255411	0
4096	128	dense32	prepared	2	5.894700963	4.817338088	0
4096	128	dense32	prepared	3	6.168438270	5.572942510	0
4096	128	dense32	prepared	4	6.154802878	4.923416599	0
4096	128	dense32	prepared	5	6.014850365	5.726364583	0
4096	128	dense32	prepared	6	6.021611305	4.634393892	0
4096	128	dense32	prepared	7	6.152577466	5.554663159	0
4096	128	dense32	prepared	8	6.072787541	5.772831619	0
4096	128	dense32	prepared	9	6.079805633	5.469975343	0
4096	128	dense32	prepared	10	6.349969187	5.969302496	0
4096	128	dense32	fresh_resources	1	1.805365107	0.964750356	1
4096	128	dense32	fresh_resources	2	1.815059329	1.714512286	0
4096	128	dense32	fresh_resources	3	1.780443559	1.708085338	0
4096	128	dense32	fresh_resources	4	1.791499599	0.931396775	1
4096	128	dense32	fresh_resources	5	1.804639247	1.711120450	0
4096	128	dense32	fresh_resources	6	1.774904364	1.670541591	0
4096	128	dense32	fresh_resources	7	1.774979928	1.721120039	0
4096	128	dense32	fresh_resources	8	1.792104806	0.952160815	1
4096	128	dense32	fresh_resources	9	1.804108334	0.851749307	1
4096	128	dense32	fresh_resources	10	1.809370959	1.708997184	0
16384	2048	boundary	prepared	1	12.336558616	11.474828551	0
16384	2048	boundary	prepared	2	12.023662106	10.238767730	0
16384	2048	boundary	prepared	3	12.540864628	9.416483175	0
16384	2048	boundary	prepared	4	10.926182389	8.564603451	0
16384	2048	boundary	prepared	5	12.153943977	11.359806688	0
16384	2048	boundary	prepared	6	12.643032100	11.525073482	0
16384	2048	boundary	prepared	7	11.020007380	8.332611822	0
16384	2048	boundary	prepared	8	12.232157699	11.698475794	0
16384	2048	boundary	prepared	9	10.969000780	8.461443696	0
16384	2048	boundary	prepared	10	12.154561148	8.778495204	0
16384	2048	boundary	fresh_resources	1	10.992179520	9.555655120	0
16384	2048	boundary	fresh_resources	2	11.078327195	9.669739633	0
16384	2048	boundary	fresh_resources	3	11.204964500	9.834081701	0
16384	2048	boundary	fresh_resources	4	8.124404268	7.293438119	0
16384	2048	boundary	fresh_resources	5	9.585102555	7.865052793	0
16384	2048	boundary	fresh_resources	6	11.100131551	10.085707284	0
16384	2048	boundary	fresh_resources	7	7.978081207	7.386610928	0
16384	2048	boundary	fresh_resources	8	10.563583314	8.041987539	0
16384	2048	boundary	fresh_resources	9	8.071071170	7.424243454	0
16384	2048	boundary	fresh_resources	10	10.877702256	9.316248195	0
16384	2048	sparse4	prepared	1	9.666732006	8.592820331	0
16384	2048	sparse4	prepared	2	14.082151842	12.881924732	0
16384	2048	sparse4	prepared	3	14.238621496	11.805592400	0
16384	2048	sparse4	prepared	4	14.045241143	12.376377939	0
16384	2048	sparse4	prepared	5	9.361624956	8.361580831	0
16384	2048	sparse4	prepared	6	13.839586878	12.780248561	0
16384	2048	sparse4	prepared	7	13.695271630	11.186990337	0
16384	2048	sparse4	prepared	8	9.234920390	8.772753727	0
16384	2048	sparse4	prepared	9	9.335827588	8.621528933	0
16384	2048	sparse4	prepared	10	12.537625096	9.084027364	0
16384	2048	sparse4	fresh_resources	1	8.680762240	7.443747421	0
16384	2048	sparse4	fresh_resources	2	12.452831211	10.236193814	0
16384	2048	sparse4	fresh_resources	3	8.832193411	7.538631957	0
16384	2048	sparse4	fresh_resources	4	12.414446533	10.096932234	0
16384	2048	sparse4	fresh_resources	5	8.785221766	7.503029805	0
16384	2048	sparse4	fresh_resources	6	10.774997570	8.267231538	0
16384	2048	sparse4	fresh_resources	7	12.376596782	9.985122484	0
16384	2048	sparse4	fresh_resources	8	8.917427260	7.403764503	0
16384	2048	sparse4	fresh_resources	9	12.603565869	9.974732692	0
16384	2048	sparse4	fresh_resources	10	8.765595933	6.574691386	0
16384	2048	dense32	prepared	1	10.446184302	9.857413380	0
16384	2048	dense32	prepared	2	11.053248051	10.214839534	0
16384	2048	dense32	prepared	3	10.243035897	9.515407865	0
16384	2048	dense32	prepared	4	15.344019070	11.627228571	0
16384	2048	dense32	prepared	5	15.367799493	10.235251462	0
16384	2048	dense32	prepared	6	10.536543024	9.986449134	0
16384	2048	dense32	prepared	7	15.745685284	12.119913093	0
16384	2048	dense32	prepared	8	15.764190838	14.478928997	0
16384	2048	dense32	prepared	9	15.575175932	14.551937262	0
16384	2048	dense32	prepared	10	10.280268740	9.739302549	0
16384	2048	dense32	fresh_resources	1	14.210172515	13.406038255	0
16384	2048	dense32	fresh_resources	2	9.833735129	9.048192218	0
16384	2048	dense32	fresh_resources	3	11.662463280	9.139106493	0
16384	2048	dense32	fresh_resources	4	12.291187052	9.383892423	0
16384	2048	dense32	fresh_resources	5	13.748041867	13.198737315	0
16384	2048	dense32	fresh_resources	6	9.439141947	8.376052698	0
16384	2048	dense32	fresh_resources	7	13.803057883	10.562017908	0
16384	2048	dense32	fresh_resources	8	14.007072146	12.777904151	0
16384	2048	dense32	fresh_resources	9	13.727225419	12.964044698	0
16384	2048	dense32	fresh_resources	10	13.307689897	12.097177204	0
65536	512	boundary	prepared	1	11.342970529	10.155933381	0
65536	512	boundary	prepared	2	7.645548848	6.669684664	0
65536	512	boundary	prepared	3	11.119010060	10.090575817	0
65536	512	boundary	prepared	4	7.572445368	7.434872379	0
65536	512	boundary	prepared	5	11.136634492	7.353935630	0
65536	512	boundary	prepared	6	11.244131218	8.602280611	0
65536	512	boundary	prepared	7	7.548635158	7.265866285	0
65536	512	boundary	prepared	8	11.350998453	10.940173666	0
65536	512	boundary	prepared	9	11.193831717	9.341098736	0
65536	512	boundary	prepared	10	11.276209049	9.394211887	0
65536	512	boundary	fresh_resources	1	10.103262515	8.483048861	0
65536	512	boundary	fresh_resources	2	7.155551111	6.917590655	0
65536	512	boundary	fresh_resources	3	10.002866892	9.518422485	0
65536	512	boundary	fresh_resources	4	7.008009064	6.130014451	0
65536	512	boundary	fresh_resources	5	10.146343939	9.832417540	0
65536	512	boundary	fresh_resources	6	9.964107895	7.230367903	0
65536	512	boundary	fresh_resources	7	6.946014840	6.625805264	0
65536	512	boundary	fresh_resources	8	10.096088968	9.134035971	0
65536	512	boundary	fresh_resources	9	7.006301771	6.898411551	0
65536	512	boundary	fresh_resources	10	10.051576948	9.435987687	0
65536	512	sparse4	prepared	1	11.213449180	10.735144318	0
65536	512	sparse4	prepared	2	7.573917803	7.151623473	0
65536	512	sparse4	prepared	3	11.103775805	8.145450400	0
65536	512	sparse4	prepared	4	11.227713982	7.053762765	0
65536	512	sparse4	prepared	5	7.713624327	7.328443361	0
65536	512	sparse4	prepared	6	11.226840845	10.696750913	0
65536	512	sparse4	prepared	7	7.527736077	7.137546356	0
65536	512	sparse4	prepared	8	7.796795985	7.369294962	0
65536	512	sparse4	prepared	9	7.454958991	7.175305470	0
65536	512	sparse4	prepared	10	11.083355038	10.697205351	0
65536	512	sparse4	fresh_resources	1	7.105992094	6.794992946	0
65536	512	sparse4	fresh_resources	2	7.001735138	6.809112802	0
65536	512	sparse4	fresh_resources	3	9.873453293	9.340051065	0
65536	512	sparse4	fresh_resources	4	10.016183199	8.291581481	0
65536	512	sparse4	fresh_resources	5	6.955398103	6.269143329	0
65536	512	sparse4	fresh_resources	6	9.965690344	9.473215509	0
65536	512	sparse4	fresh_resources	7	9.764131447	9.285784199	0
65536	512	sparse4	fresh_resources	8	6.938139339	6.502996401	0
65536	512	sparse4	fresh_resources	9	6.879770019	6.711745620	0
65536	512	sparse4	fresh_resources	10	8.351579389	6.644582607	0
65536	512	dense32	prepared	1	7.819187568	6.759303552	0
65536	512	dense32	prepared	2	7.977294039	7.189246103	0
65536	512	dense32	prepared	3	7.881509185	6.611041424	0
65536	512	dense32	prepared	4	11.740479521	9.548606940	0
65536	512	dense32	prepared	5	7.806127509	6.578686583	0
65536	512	dense32	prepared	6	9.444990983	6.786718024	0
65536	512	dense32	prepared	7	11.643756699	9.536590161	0
65536	512	dense32	prepared	8	7.745111200	6.648056592	0
65536	512	dense32	prepared	9	11.666297344	9.346732562	0
65536	512	dense32	prepared	10	7.820705353	6.613477890	0
65536	512	dense32	fresh_resources	1	7.304375253	7.022889707	0
65536	512	dense32	fresh_resources	2	10.503831684	9.951262891	0
65536	512	dense32	fresh_resources	3	7.273469680	7.008980585	0
65536	512	dense32	fresh_resources	4	10.386198562	9.537988118	0
65536	512	dense32	fresh_resources	5	10.346868421	7.232595369	0
65536	512	dense32	fresh_resources	6	7.353451824	6.615211953	0
65536	512	dense32	fresh_resources	7	10.423623610	9.799262701	0
65536	512	dense32	fresh_resources	8	10.396911040	7.137958427	0
65536	512	dense32	fresh_resources	9	10.309927497	7.566212957	0
65536	512	dense32	fresh_resources	10	7.233378682	5.789497694	0
262144	128	boundary	prepared	1	8.417525381	7.560431774	0
262144	128	boundary	prepared	2	8.528913636	8.202767485	0
262144	128	boundary	prepared	3	5.729375062	5.552054923	0
262144	128	boundary	prepared	4	8.376722644	7.447722393	0
262144	128	boundary	prepared	5	8.372610173	7.776327443	0
262144	128	boundary	prepared	6	5.742055796	5.535135947	0
262144	128	boundary	prepared	7	8.272844672	7.426442268	0
262144	128	boundary	prepared	8	8.380826413	7.762436017	0
262144	128	boundary	prepared	9	8.418522889	7.923342296	0
262144	128	boundary	prepared	10	7.184921398	5.635419382	0
262144	128	boundary	fresh_resources	1	7.846531995	7.466599846	0
262144	128	boundary	fresh_resources	2	7.570818693	6.782551004	0
262144	128	boundary	fresh_resources	3	7.551676802	5.326741656	0
262144	128	boundary	fresh_resources	4	5.586660959	5.262733413	0
262144	128	boundary	fresh_resources	5	7.468512838	7.230871114	0
262144	128	boundary	fresh_resources	6	5.383034637	5.150961162	0
262144	128	boundary	fresh_resources	7	7.127275115	5.880529466	0
262144	128	boundary	fresh_resources	8	7.600226970	6.973314116	0
262144	128	boundary	fresh_resources	9	7.440340964	6.762626806	0
262144	128	boundary	fresh_resources	10	7.506209358	6.996926002	0
262144	128	sparse4	prepared	1	8.198556465	7.067041257	0
262144	128	sparse4	prepared	2	8.038536511	7.024598048	0
262144	128	sparse4	prepared	3	8.091765269	7.068297255	0
262144	128	sparse4	prepared	4	5.374606508	3.916025789	0
262144	128	sparse4	prepared	5	8.137902906	6.484643674	0
262144	128	sparse4	prepared	6	8.137307964	6.743844121	0
262144	128	sparse4	prepared	7	5.465757715	4.816882260	0
262144	128	sparse4	prepared	8	8.069594053	5.796795447	0
262144	128	sparse4	prepared	9	8.172028200	7.156136486	0
262144	128	sparse4	prepared	10	8.079465816	7.069206155	0
262144	128	sparse4	fresh_resources	1	7.163032205	6.282637937	0
262144	128	sparse4	fresh_resources	2	6.975644921	5.739548895	0
262144	128	sparse4	fresh_resources	3	7.154795150	6.258645574	0
262144	128	sparse4	fresh_resources	4	5.070081695	4.459648045	0
262144	128	sparse4	fresh_resources	5	7.179798264	6.213083838	0
262144	128	sparse4	fresh_resources	6	7.099399416	6.234376605	0
262144	128	sparse4	fresh_resources	7	5.073127045	4.364447395	0
262144	128	sparse4	fresh_resources	8	7.226198189	6.188682147	0
262144	128	sparse4	fresh_resources	9	5.459545484	4.559216112	0
262144	128	sparse4	fresh_resources	10	7.091135067	6.309929494	0
262144	128	dense32	prepared	1	8.496810367	6.989570211	0
262144	128	dense32	prepared	2	5.787650861	5.153207493	0
262144	128	dense32	prepared	3	8.499704466	7.456387809	0
262144	128	dense32	prepared	4	5.763824820	5.134111602	0
262144	128	dense32	prepared	5	7.779737582	6.523552873	0
262144	128	dense32	prepared	6	8.535012974	7.164829727	0
262144	128	dense32	prepared	7	5.685952395	4.598177225	0
262144	128	dense32	prepared	8	8.274640777	6.740530283	0
262144	128	dense32	prepared	9	5.674923146	4.567994972	0
262144	128	dense32	prepared	10	8.681960501	7.574669560	0
262144	128	dense32	fresh_resources	1	7.594614602	6.022000163	0
262144	128	dense32	fresh_resources	2	5.399439329	4.728505377	0
262144	128	dense32	fresh_resources	3	7.589354972	6.778228418	0
262144	128	dense32	fresh_resources	4	7.663784271	6.778521725	0
262144	128	dense32	fresh_resources	5	5.368891197	4.831698681	0
262144	128	dense32	fresh_resources	6	7.513139150	6.771088050	0
262144	128	dense32	fresh_resources	7	6.799073420	4.890765692	0
262144	128	dense32	fresh_resources	8	5.463083195	4.755420472	0
262144	128	dense32	fresh_resources	9	5.336378521	4.788024585	0
262144	128	dense32	fresh_resources	10	7.609575367	6.513992948	0
16384	129	boundary	prepared	1	7.762661126	6.676187181	0
16384	129	boundary	prepared	2	4.572277364	3.669972323	0
16384	129	boundary	prepared	3	9.172066690	8.544245134	0
16384	129	boundary	prepared	4	9.749053058	8.331032803	0
16384	129	boundary	prepared	5	4.098800995	3.809925126	0
16384	129	boundary	prepared	6	9.632014691	8.997583645	0
16384	129	boundary	prepared	7	9.328661589	7.533449460	0
16384	129	boundary	prepared	8	5.012924765	3.777146879	0
16384	129	boundary	prepared	9	4.033230092	3.542807944	0
16384	129	boundary	prepared	10	9.728645271	8.144252378	0
16384	129	boundary	fresh_resources	1	3.502881542	3.259708712	0
16384	129	boundary	fresh_resources	2	2.807928855	2.508455959	0
16384	129	boundary	fresh_resources	3	3.688234870	3.615301749	0
16384	129	boundary	fresh_resources	4	3.780619359	3.432857629	0
16384	129	boundary	fresh_resources	5	2.900934622	2.705674735	0
16384	129	boundary	fresh_resources	6	3.816530830	3.677520583	0
16384	129	boundary	fresh_resources	7	3.689908559	3.599478902	0
16384	129	boundary	fresh_resources	8	2.837700820	2.615639812	0
16384	129	boundary	fresh_resources	9	2.851659124	2.743887843	0
16384	129	boundary	fresh_resources	10	3.775488001	3.407512509	0
16384	129	sparse4	prepared	1	6.952802365	2.212304939	0
16384	129	sparse4	prepared	2	6.407032378	2.230646539	0
16384	129	sparse4	prepared	3	9.142831042	2.489070015	0
16384	129	sparse4	prepared	4	9.413397227	2.487096517	0
16384	129	sparse4	prepared	5	5.554236237	1.972833040	0
16384	129	sparse4	prepared	6	9.348397747	2.489439369	0
16384	129	sparse4	prepared	7	9.412533914	2.458970186	0
16384	129	sparse4	prepared	8	4.902168668	1.944159184	0
16384	129	sparse4	prepared	9	5.234048748	1.950591684	0
16384	129	sparse4	prepared	10	9.577508160	2.511615186	0
16384	129	sparse4	fresh_resources	1	3.023035082	2.728438846	0
16384	129	sparse4	fresh_resources	2	2.837915490	2.623281204	0
16384	129	sparse4	fresh_resources	3	3.696422554	3.438548175	0
16384	129	sparse4	fresh_resources	4	3.756211381	3.469916826	0
16384	129	sparse4	fresh_resources	5	2.782280806	2.531579337	0
16384	129	sparse4	fresh_resources	6	3.725566245	3.465277993	0
16384	129	sparse4	fresh_resources	7	3.661527576	3.354731891	0
16384	129	sparse4	fresh_resources	8	2.780116431	2.579136499	0
16384	129	sparse4	fresh_resources	9	2.827480126	2.643713418	0
16384	129	sparse4	fresh_resources	10	3.657967478	3.238039914	0
16384	129	dense32	prepared	1	5.762442015	4.822123199	0
16384	129	dense32	prepared	2	5.764998507	4.404468738	0
16384	129	dense32	prepared	3	10.974177058	9.819709898	0
16384	129	dense32	prepared	4	10.950874008	9.496964620	0
16384	129	dense32	prepared	5	5.844468909	4.519396154	0
16384	129	dense32	prepared	6	10.858985099	8.782910874	0
16384	129	dense32	prepared	7	10.514803262	9.481188059	0
16384	129	dense32	prepared	8	6.395053433	4.962333289	0
16384	129	dense32	prepared	9	5.963808902	4.637283132	0
16384	129	dense32	prepared	10	9.047079561	8.593087117	0
16384	129	dense32	fresh_resources	1	3.310472474	2.666098118	0
16384	129	dense32	fresh_resources	2	3.172874372	3.021102180	0
16384	129	dense32	fresh_resources	3	4.304315288	3.976261841	0
16384	129	dense32	fresh_resources	4	4.287478745	4.032522300	0
16384	129	dense32	fresh_resources	5	3.158006657	2.976589738	0
16384	129	dense32	fresh_resources	6	4.246726643	3.940771887	0
16384	129	dense32	fresh_resources	7	4.169606468	3.919832913	0
16384	129	dense32	fresh_resources	8	3.156381602	2.936412480	0
16384	129	dense32	fresh_resources	9	3.198131320	2.870450210	0
16384	129	dense32	fresh_resources	10	3.979275774	3.259604298	0
65536	129	boundary	prepared	1	7.487261430	6.705940263	0
65536	129	boundary	prepared	2	7.340321105	6.829753623	0
65536	129	boundary	prepared	3	14.155270227	12.471897505	0
65536	129	boundary	prepared	4	14.367699588	12.811757191	0
65536	129	boundary	prepared	5	7.208810646	6.393732468	0
65536	129	boundary	prepared	6	14.097990822	12.185423272	0
65536	129	boundary	prepared	7	13.960291961	12.554250899	0
65536	129	boundary	prepared	8	7.273382296	7.052929842	0
65536	129	boundary	prepared	9	7.048931418	6.687366279	0
65536	129	boundary	prepared	10	9.450874118	8.620974138	0
65536	129	boundary	fresh_resources	1	5.552006035	5.187792399	0
65536	129	boundary	fresh_resources	2	5.495834211	4.810746302	0
65536	129	boundary	fresh_resources	3	8.552125326	8.082349911	0
65536	129	boundary	fresh_resources	4	8.581459511	7.998357803	0
65536	129	boundary	fresh_resources	5	5.202862702	4.982432291	0
65536	129	boundary	fresh_resources	6	8.559764950	7.966201720	0
65536	129	boundary	fresh_resources	7	8.581354079	8.038381078	0
65536	129	boundary	fresh_resources	8	5.601987267	5.209684339	0
65536	129	boundary	fresh_resources	9	5.780105539	4.904542224	0
65536	129	boundary	fresh_resources	10	5.798928504	5.225406481	0
65536	129	sparse4	prepared	1	6.792428408	6.271387553	0
65536	129	sparse4	prepared	2	6.851586986	6.277789859	0
65536	129	sparse4	prepared	3	13.202102842	9.862045805	0
65536	129	sparse4	prepared	4	13.877832693	12.054412528	0
65536	129	sparse4	prepared	5	6.396502621	5.713002269	0
65536	129	sparse4	prepared	6	13.081740059	12.157925540	0
65536	129	sparse4	prepared	7	12.831661697	11.338184649	0
65536	129	sparse4	prepared	8	6.907482654	5.707298656	0
65536	129	sparse4	prepared	9	12.928252959	10.512183371	0
65536	129	sparse4	prepared	10	6.943159615	6.312095254	0
65536	129	sparse4	fresh_resources	1	5.378934677	4.617987802	0
65536	129	sparse4	fresh_resources	2	5.535611968	4.813526514	0
65536	129	sparse4	fresh_resources	3	6.949232304	5.752417083	0
65536	129	sparse4	fresh_resources	4	8.301064415	7.312003420	0
65536	129	sparse4	fresh_resources	5	5.370721238	4.597875124	0
65536	129	sparse4	fresh_resources	6	7.922430553	6.304629814	0
65536	129	sparse4	fresh_resources	7	8.155095199	6.231470613	0
65536	129	sparse4	fresh_resources	8	5.297128281	4.703493360	0
65536	129	sparse4	fresh_resources	9	7.870494200	6.808793940	0
65536	129	sparse4	fresh_resources	10	5.311950369	4.553870170	0
65536	129	dense32	prepared	1	7.372970588	6.864999657	0
65536	129	dense32	prepared	2	14.513130989	12.910673783	0
65536	129	dense32	prepared	3	8.083928313	6.861406046	0
65536	129	dense32	prepared	4	14.788878251	12.427044943	0
65536	129	dense32	prepared	5	7.213184033	6.654586973	0
65536	129	dense32	prepared	6	10.499153833	8.807351695	0
65536	129	dense32	prepared	7	14.672706070	12.454345441	0
65536	129	dense32	prepared	8	7.854324171	7.288541908	0
65536	129	dense32	prepared	9	14.442456322	12.560683546	0
65536	129	dense32	prepared	10	7.306492417	6.459097197	0
65536	129	dense32	fresh_resources	1	5.899121773	5.421115140	0
65536	129	dense32	fresh_resources	2	9.074259366	8.745637544	0
65536	129	dense32	fresh_resources	3	5.763595935	5.112431372	0
65536	129	dense32	fresh_resources	4	9.001257967	7.937343880	0
65536	129	dense32	fresh_resources	5	5.672754198	5.199606052	0
65536	129	dense32	fresh_resources	6	6.450712719	5.709209009	0
65536	129	dense32	fresh_resources	7	8.950795998	8.336756208	0
65536	129	dense32	fresh_resources	8	6.148435511	5.244110371	0
65536	129	dense32	fresh_resources	9	8.518489997	7.400996228	0
65536	129	dense32	fresh_resources	10	5.703266697	5.416234750	0
