index,actual_u32,expected_u32
0,0,2013633177
1,0,2710387058
2,0,3536600643
3,0,4119522529
4,0,2865071530
5,0,1416223442
6,0,2303067179
7,0,1907054986
8,0,1238928423
9,0,1406419241
10,0,2781910769
11,0,1456686006
12,0,3927310436
13,0,1766340681
14,0,2791621193
15,0,4220671679
16,0,2583178685
17,0,364359898
18,0,2520555660
19,0,1200165594
20,0,3751700051
21,0,2044063961
22,0,1041814782
23,0,3026702621
24,0,2261684703
25,0,3395170053
26,0,4168061850
27,0,1233519636
28,0,2845626966
29,0,1226275869
30,0,1946510775
31,0,3469661230
32,0,2636701547
33,0,1585085737
34,0,708177158
35,0,1698283340
36,0,148034212
37,0,38340359
38,0,2006400051
39,0,2452853595
40,0,3947425175
41,0,699706282
42,0,620170378
43,0,1772349721
44,0,2224597113
45,0,2742015730
46,0,1871118186
47,0,3172404415
48,0,3432553759
49,0,945373890
50,0,270553730
51,0,1416882426
52,0,83572172
53,0,705829197
54,0,1313486800
55,0,515261064
56,0,167909019
57,0,1392184467
58,0,1581765063
59,0,731061496
60,0,1233856318
61,0,2163392648
62,0,3298178009
63,0,1599031119
64,0,998045061
65,0,474802947
66,0,2763372853
67,0,1643188092
68,0,1137393939
69,0,1456449543
70,0,3660326368
71,0,2358337448
72,0,1273335642
73,0,3151559165
74,0,939948622
75,0,515374281
76,0,3304794014
77,0,2703115482
78,0,1495479064
79,0,3611671480
80,0,1717829505
81,0,736737864
82,0,2293643032
83,0,2230785650
84,0,2702559406
85,0,402690414
86,0,1334303608
87,0,704159884
88,0,2161045880
89,0,2195332872
90,0,3864300853
91,0,2310065996
92,0,2608458592
93,0,1688384810
94,0,1929013513
95,0,3299969636
96,0,1246979034
97,0,3811453198
98,0,3891313449
99,0,3794374403
100,0,2868468231
101,0,3062276539
102,0,881847427
103,0,3940739468
104,0,1303740101
105,0,2950189459
106,0,413536166
107,0,4077306607
108,0,1077796610
109,0,2153889644
110,0,1174467050
111,0,1603150708
112,0,3892133380
113,0,1200512346
114,0,143536712
115,0,372109387
116,0,2898022265
117,0,2403125200
118,0,4011805267
119,0,3438282329
120,0,1263749316
121,0,1798366657
122,0,2258058917
123,0,1228304004
124,0,406008343
125,0,2957789391
126,0,333658309
127,0,3952080312
128,0,2304503329
129,0,1734949294
130,0,1271392640
131,0,1744956827
132,0,3823521538
133,0,1791318561
134,0,4053944001
135,0,2520610300
136,0,685760029
137,0,2963203571
138,0,3895906179
139,0,152066912
140,0,1308037534
141,0,1465141756
142,0,320831465
143,0,1621496472
144,0,4233969570
145,0,780344502
146,0,4020944316
147,0,3148961778
148,0,3097802229
149,0,3982122488
150,0,2051334090
151,0,3590327700
152,0,569257965
153,0,1718370660
154,0,643202756
155,0,3630156387
156,0,56944554
157,0,1840047138
158,0,3560131190
159,0,315051464
160,0,2495102615
161,0,4265112418
162,0,4208796232
163,0,2350230850
164,0,235127324
165,0,3192872636
166,0,3867572848
167,0,281394196
168,0,1336580439
169,0,2358154743
170,0,2554005263
171,0,3817469730
172,0,1893133076
173,0,456360974
174,0,503073591
175,0,130469434
176,0,507364986
177,0,2024306019
178,0,3061965377
179,0,3556336517
180,0,247346273
181,0,3464265592
182,0,1945676177
183,0,3214795892
184,0,1635768925
185,0,3702710183
186,0,1871314052
187,0,1395901832
188,0,1540938089
189,0,1582234483
190,0,2772150147
191,0,3904783270
192,0,2965570946
193,0,3726023387
194,0,2767352797
195,0,3149755833
196,0,3024206012
197,0,3919141879
198,0,2652670468
199,0,3839736042
200,0,735768650
201,0,3483557571
202,0,455371582
203,0,1581245439
204,0,3930720575
205,0,3336187305
206,0,4001812446
207,0,3638532192
208,0,1369586857
209,0,3503677938
210,0,4053362535
211,0,1942540925
212,0,1500483966
213,0,3275792158
214,0,3301301935
215,0,2635081159
216,0,2897849203
217,0,2737271960
218,0,4215151106
219,0,934707613
220,0,388962751
221,0,1997075923
222,0,1608941642
223,0,1914662941
224,0,529489011
225,0,1948878867
226,0,3763509830
227,0,3495590571
228,0,2128998572
229,0,3740404308
230,0,1755346056
231,0,2686039440
232,0,1137976933
233,0,604264649
234,0,1287178151
235,0,3721248161
236,0,625785661
237,0,4148365096
238,0,1668273051
239,0,3129154997
240,0,4287624399
241,0,601136324
242,0,3116685474
243,0,2025959562
244,0,2496277410
245,0,3867045085
246,0,1465842895
247,0,2418822444
248,0,682753256
249,0,4071758014
250,0,2232782316
251,0,2712330424
252,0,1242452646
253,0,2332066795
254,0,4106773749
255,0,4068582174
256,0,2858485773
257,0,3883751965
258,0,3420806210
259,0,1841865460
260,0,1263917535
261,0,4255546600
262,0,1968692053
263,0,1234875691
264,0,4173630516
265,0,1090857525
266,0,1815935636
267,0,2662229827
268,0,444850784
269,0,3207983591
270,0,539704579
271,0,3068438022
272,0,1722455444
273,0,3071933592
274,0,2581439357
275,0,2616238372
276,0,1968750350
277,0,898663442
278,0,2269644283
279,0,2031347200
280,0,3215948233
281,0,1113080258
282,0,107264690
283,0,3076847435
284,0,406712877
285,0,1769481009
286,0,3470295678
287,0,208833429
288,0,4244678581
289,0,3610778254
290,0,1499441146
291,0,431395946
292,0,2890764055
293,0,2822986176
294,0,2887530461
295,0,1981273966
296,0,330330995
297,0,2786962972
298,0,1746590099
299,0,1446813927
300,0,2250514199
301,0,3172549492
302,0,998682671
303,0,1575484206
304,0,4073662351
305,0,3521601168
306,0,2090676938
307,0,2185751208
308,0,2638770433
309,0,4268428821
310,0,1788205537
311,0,3835410325
312,0,3745680001
313,0,1280269448
314,0,1545593735
315,0,2911184304
316,0,794231817
317,0,891174818
318,0,2947210295
319,0,1906606593
320,0,1998554270
321,0,1980558424
322,0,2608114427
323,0,3411177518
324,0,799646245
325,0,1716319667
326,0,3886534670
327,0,2842019197
328,0,679992984
329,0,3116519794
330,0,2388752388
331,0,2371141172
332,0,1221876957
333,0,2864460346
334,0,3013078183
335,0,2389073766
336,0,4108126659
337,0,3914147089
338,0,4027277094
339,0,3860170993
340,0,3061575156
341,0,3009678038
342,0,1977920233
343,0,4152798229
344,0,1653063671
345,0,979090475
346,0,4127302212
347,0,2338402144
348,0,2132966630
349,0,661271449
350,0,1111310773
351,0,2876834480
352,0,4006060999
353,0,1297522072
354,0,1113558954
355,0,3338164639
356,0,1957703738
357,0,610166081
358,0,4130346618
359,0,1796910245
360,0,4014763938
361,0,901497150
362,0,4263041520
363,0,1106495235
364,0,459590346
365,0,3313807700
366,0,644679907
367,0,1767129147
368,0,3409527506
369,0,2400001795
370,0,2973779925
371,0,2397952520
372,0,2150947614
373,0,1907736597
374,0,4283931918
375,0,2453485013
376,0,2759228758
377,0,273522616
378,0,3571647173
379,0,600107928
380,0,1749101731
381,0,4151845737
382,0,2444895875
383,0,2016389878
384,0,1414209808
385,0,1028529572
386,0,564574713
387,0,631616533
388,0,4157402438
389,0,652678900
390,0,1124559336
391,0,1769857109
392,0,2073196334
393,0,2608996149
394,0,3573461991
395,0,1388840550
396,0,312017892
397,0,1851181142
398,0,1557540088
399,0,2959436764
400,0,3200405299
401,0,330219649
402,0,3161337502
403,0,1309121088
404,0,347559943
405,0,156187740
406,0,912108798
407,0,4219965183
408,0,1096094131
409,0,2399338562
410,0,242077479
411,0,1185409155
412,0,3444407896
413,0,844082299
414,0,1070947579
415,0,486845726
416,0,2621571309
417,0,1470502530
418,0,1001757465
419,0,2450067762
420,0,3050188165
421,0,2141717242
422,0,2165890337
423,0,3442130847
424,0,3254471827
425,0,2772855879
426,0,1897511968
427,0,2502849198
428,0,872971635
429,0,1332090016
430,0,867703161
431,0,577963890
432,0,288465340
433,0,2243974367
434,0,1680186674
435,0,670394515
436,0,3591303648
437,0,241978073
438,0,1641152770
439,0,532180635
440,0,1594618478
441,0,159546221
442,0,2601581402
443,0,184866183
444,0,2805716733
445,0,1634146799
446,0,3373113474
447,0,3735429004
448,0,3824063703
449,0,536469965
450,0,1539986829
451,0,1040472880
452,0,421671329
453,0,3184655210
454,0,3575889076
455,0,4095266862
456,0,766608160
457,0,2808362122
458,0,525986416
459,0,1625855003
460,0,1058171118
461,0,872262857
462,0,1258107035
463,0,1898642284
464,0,3869959599
465,0,4193537184
466,0,2087642768
467,0,3073011470
468,0,2746326795
469,0,2588300099
470,0,1441624532
471,0,2166754271
472,0,1273279953
473,0,1988203710
474,0,3336085525
475,0,2308392568
476,0,1247194196
477,0,1682969850
478,0,3206779965
479,0,2033061647
480,0,2704924264
481,0,3295080786
482,0,1406874356
483,0,2234560246
484,0,2368403105
485,0,2888389790
486,0,1373646755
487,0,3600339081
488,0,1572556653
489,0,3196607878
490,0,304096346
491,0,3284569839
492,0,1366793122
493,0,3799178947
494,0,2364973270
495,0,1164302496
496,0,809850008
497,0,3222611859
498,0,4161391072
499,0,3883959866
500,0,531631801
501,0,3531804874
502,0,2749044839
503,0,3659831692
504,0,1806867910
505,0,960657827
506,0,3098702232
507,0,648040920
508,0,3220419893
509,0,3824894591
510,0,4247261957
511,0,374429825
512,0,1988310742
513,0,459678138
514,0,896584786
515,0,3014254543
516,0,2187265799
517,0,893721944
518,0,1260688335
519,0,4076794689
520,0,3192808522
521,0,707049481
522,0,429725179
523,0,3748078890
524,0,1133339051
525,0,414627991
526,0,992204773
527,0,2050340426
528,0,1399756468
529,0,3065158504
530,0,1579342183
531,0,2764654560
532,0,177553082
533,0,84355963
534,0,3983495855
535,0,3765213042
536,0,585050195
537,0,1030773913
538,0,3935279848
539,0,595613217
540,0,29897443
541,0,4112413705
542,0,1215721734
543,0,1284028301
544,0,358509713
545,0,3242737175
546,0,400365330
547,0,316587053
548,0,1848946304
549,0,2273230130
550,0,1271037598
551,0,2250649174
552,0,1047870368
553,0,3106902816
554,0,574449189
555,0,1372170873
556,0,4098998138
557,0,3027061253
558,0,3096540915
559,0,1604642644
560,0,2861488275
561,0,1108118525
562,0,3172666052
563,0,1413445701
564,0,3720822302
565,0,2056814748
566,0,1005424377
567,0,3429865440
568,0,3974274441
569,0,1429186080
570,0,2627021941
571,0,443125752
572,0,1497750611
573,0,3140905908
574,0,3193618964
575,0,622727704
576,0,2054316448
577,0,4270402275
578,0,2708588073
579,0,2938238099
580,0,2814924042
581,0,4273278
582,0,4279370809
583,0,1295648147
584,0,3162769847
585,0,2347506350
586,0,528613554
587,0,2904129656
588,0,1070534803
589,0,1719587293
590,0,887148575
591,0,4068985518
592,0,1905518503
593,0,2709988244
594,0,4215647406
595,0,2497262342
596,0,3851215130
597,0,1281107053
598,0,3538804901
599,0,2983693561
600,0,1230575485
601,0,493278822
602,0,853853139
603,0,4181730588
604,0,1100523085
605,0,4285837381
606,0,1190706075
607,0,1626708126
608,0,2938117325
609,0,998553777
610,0,1053495800
611,0,3262369730
612,0,3404829415
613,0,3977042065
614,0,3049697374
615,0,442857144
616,0,586657985
617,0,1225829494
618,0,3478521113
619,0,4048649859
620,0,246368675
621,0,351279022
622,0,3602794796
623,0,3974306497
624,0,2027216540
625,0,2212678911
626,0,2513795553
627,0,1740756533
628,0,4260122230
629,0,4034148487
630,0,2616755605
631,0,3792070192
632,0,4140718928
633,0,2301425090
634,0,3842211592
635,0,3601167705
636,0,2042839710
637,0,595706006
638,0,1777510079
639,0,2576244109
640,0,1874274162
641,0,3766319390
642,0,2760722577
643,0,3195184542
644,0,3001225022
645,0,3012587836
646,0,188896007
647,0,1701896534
648,0,1377411739
649,0,2937374334
650,0,3434655731
651,0,4052928848
652,0,3215670412
653,0,3747660465
654,0,568763498
655,0,1477985599
656,0,1196302688
657,0,4012800753
658,0,779686889
659,0,2357364875
660,0,1877167618
661,0,3259150195
662,0,1648103429
663,0,3886334843
664,0,2260209502
665,0,1830949399
666,0,3279704391
667,0,1673930829
668,0,2134163050
669,0,4157130966
670,0,882739295
671,0,928217108
672,0,1382765500
673,0,998586866
674,0,199082575
675,0,3239775013
676,0,2944440410
677,0,771442175
678,0,3990121725
679,0,1765042136
680,0,1546498783
681,0,2763184996
682,0,68859371
683,0,106458040
684,0,1858251727
685,0,1288803410
686,0,3039200415
687,0,3542064869
688,0,950468100
689,0,195541847
690,0,1701413649
691,0,4101683988
692,0,3222616472
693,0,2212973419
694,0,1003084782
695,0,372731188
696,0,2309197692
697,0,4056029210
698,0,3940625978
699,0,736574601
700,0,1119431922
701,0,2211230529
702,0,2704780275
703,0,3715488567
704,0,3418695820
705,0,3024577318
706,0,1548904919
707,0,1014541571
708,0,314827791
709,0,2785302254
710,0,3085537474
711,0,1002689914
712,0,1828326476
713,0,2197865557
714,0,3939441552
715,0,1042216590
716,0,4180122569
717,0,1099522598
718,0,3565096128
719,0,2298859603
720,0,1392153428
721,0,311586972
722,0,3434743132
723,0,237611476
724,0,1500889085
725,0,1070038968
726,0,3593659296
727,0,3264378595
728,0,92555332
729,0,488459842
730,0,780128552
731,0,1594743717
732,0,1800944313
733,0,3991583614
734,0,3928089020
735,0,349658199
736,0,350600409
737,0,3433521574
738,0,853904399
739,0,4024539677
740,0,1223220684
741,0,964688100
742,0,167797109
743,0,3287715362
744,0,1416241243
745,0,474498315
746,0,2311897247
747,0,708454000
748,0,2960535626
749,0,3113625045
750,0,3636187939
751,0,4179864524
752,0,119001537
753,0,1490970006
754,0,435231648
755,0,1780865698
756,0,4283412826
757,0,637159656
758,0,4027100667
759,0,1396726560
760,0,1554682226
761,0,3726512176
762,0,2669402556
763,0,1638489834
764,0,83050960
765,0,4125589812
766,0,3185670484
767,0,3418207761
768,0,424646114
769,0,2508694395
770,0,1559659119
771,0,467640946
772,0,497230586
773,0,1182244484
774,0,22007479
775,0,3954380187
776,0,3389340667
777,0,3258434950
778,0,1784938597
779,0,2809298801
780,0,4212739295
781,0,2195355230
782,0,1311496854
783,0,2589525354
784,0,3833010704
785,0,3784714442
786,0,3042978605
787,0,2965354191
788,0,2326317692
789,0,4010242671
790,0,672713610
791,0,475788542
792,0,977581596
793,0,1013672895
794,0,1921565969
795,0,795922564
796,0,2573798580
797,0,2802174379
798,0,3626266835
799,0,2449031756
800,0,2409843732
801,0,571891588
802,0,3576939927
803,0,498014647
804,0,766073243
805,0,3588055062
806,0,1110180825
807,0,2294226098
808,0,235163110
809,0,1889601914
810,0,1614960157
811,0,2059241725
812,0,3219908780
813,0,2638164915
814,0,308587767
815,0,2025582154
816,0,2871472787
817,0,3822842121
818,0,581525876
819,0,3732611287
820,0,4132577543
821,0,4230062078
822,0,874068529
823,0,2025676894
824,0,1114606245
825,0,3562345528
826,0,2895627633
827,0,3540001485
828,0,1013237057
829,0,1029329863
830,0,2473820822
831,0,2265404358
832,0,3687096251
833,0,1313386466
834,0,757892408
835,0,217097309
836,0,387581024
837,0,2773736139
838,0,525364238
839,0,1222969766
840,0,3555071118
841,0,1066162837
842,0,789233594
843,0,1732623172
844,0,3582408978
845,0,1711892544
846,0,724104640
847,0,2274168328
848,0,4023367918
849,0,43836519
850,0,1545152143
851,0,1641523083
852,0,838282776
853,0,1388102722
854,0,2359872088
855,0,697537929
856,0,1064409880
857,0,2386640689
858,0,2639148962
859,0,753997215
860,0,3323766142
861,0,81447111
862,0,3850552038
863,0,102096169
864,0,195354065
865,0,2479361566
866,0,3548079227
867,0,1098853281
868,0,627076388
869,0,811323782
870,0,118334163
871,0,3651466360
872,0,2723228237
873,0,1677849057
874,0,495084319
875,0,1842664975
876,0,364707109
877,0,3373997321
878,0,4260848340
879,0,605071938
880,0,440839982
881,0,1002575647
882,0,1561901679
883,0,16422885
884,0,314950182
885,0,4205558694
886,0,909677673
887,0,2986434643
888,0,1600300438
889,0,1910271934
890,0,2035410123
891,0,4242301903
892,0,1678952509
893,0,2679873623
894,0,2643952751
895,0,3461353122
896,0,3838155483
897,0,2755982228
898,0,2096873327
899,0,1776092772
900,0,3945643884
901,0,3301060748
902,0,3635268933
903,0,1101980967
904,0,1011040226
905,0,743773597
906,0,1379446574
907,0,3161773248
908,0,4218696054
909,0,3590534331
910,0,2719322833
911,0,431547446
912,0,2734355337
913,0,1845367884
914,0,1099939095
915,0,1938671137
916,0,2725901093
917,0,532592715
918,0,3728752144
919,0,3922200817
920,0,4062040026
921,0,926150409
922,0,277849696
923,0,1815698529
924,0,2971576539
925,0,3837436409
926,0,2688478939
927,0,3243488521
928,0,1235947760
929,0,1561698410
930,0,3389655078
931,0,3940497793
932,0,2953638326
933,0,3917411275
934,0,3623256392
935,0,4230993479
936,0,3657536436
937,0,3868956271
938,0,512865476
939,0,690829504
940,0,1218086042
941,0,422632286
942,0,1228428307
943,0,888712206
944,0,240577266
945,0,2987437494
946,0,1398928069
947,0,3390435193
948,0,2292474884
949,0,2159551702
950,0,7765543
951,0,971884094
952,0,2757923787
953,0,896176134
954,0,2317751763
955,0,1528193597
956,0,2103491381
957,0,717482230
958,0,2893897752
959,0,263349447
960,0,3267073481
961,0,2959037640
962,0,34163915
963,0,1503074659
964,0,3990856702
965,0,766348014
966,0,49321558
967,0,393320235
968,0,2533906881
969,0,439799033
970,0,3063425165
971,0,3266574441
972,0,175001718
973,0,3430873222
974,0,2124945169
975,0,4111151028
976,0,2403409546
977,0,1049694338
978,0,2359985794
979,0,1395638111
980,0,1011198621
981,0,2883554518
982,0,317284212
983,0,436190487
984,0,637037849
985,0,590380980
986,0,3021722423
987,0,30922025
988,0,2502138512
989,0,676125864
990,0,3370724804
991,0,1198175980
992,0,659618007
993,0,822778546
994,0,700553244
995,0,1115732701
996,0,4005377584
997,0,1192842157
998,0,3237242491
999,0,3412012198
1000,0,4155802531
1001,0,2681919523
1002,0,1594201036
1003,0,1123076914
1004,0,692222425
1005,0,2840868421
1006,0,3691819243
1007,0,137316739
1008,0,3270801548
1009,0,4049473982
1010,0,1582352714
1011,0,2823615542
1012,0,4019176755
1013,0,4061952583
1014,0,3619699021
1015,0,3453474329
1016,0,3582550003
1017,0,815749576
1018,0,2942351227
1019,0,2290023484
1020,0,2832445376
1021,0,2018765813
1022,0,2693031171
1023,0,2829480241
1024,0,1949809048
1025,0,3818650458
1026,0,49172834
1027,0,3498890595
1028,0,238198291
1029,0,3823816075
1030,0,4045792358
1031,0,4169749746
1032,0,2432221913
1033,0,2631366536
1034,0,921673211
1035,0,1866691891
1036,0,1028107745
1037,0,3615939100
1038,0,2490291134
1039,0,2369757938
1040,0,1431967234
1041,0,3838960687
1042,0,3537463461
1043,0,108748579
1044,0,3732812908
1045,0,109361845
1046,0,2878872028
1047,0,3168435245
1048,0,2561349058
1049,0,3094753707
1050,0,3056517066
1051,0,1529752321
1052,0,1468448998
1053,0,2094178891
1054,0,1004607174
1055,0,1040355610
1056,0,3894216266
1057,0,1381508640
1058,0,2233311406
1059,0,268926314
1060,0,182588767
1061,0,1098120731
1062,0,3902843171
1063,0,1293044673
1064,0,2301056884
1065,0,452277392
1066,0,814366403
1067,0,2636040234
1068,0,3345936071
1069,0,1282830364
1070,0,3435369958
1071,0,1906201081
1072,0,3481577737
1073,0,236007227
1074,0,1430061760
1075,0,1506440754
1076,0,4136340276
1077,0,2051297410
1078,0,4208557480
1079,0,2028926174
1080,0,1759091556
1081,0,756277630
1082,0,1992111584
1083,0,3492471264
1084,0,247618187
1085,0,4159705090
1086,0,1274377658
1087,0,1292543099
1088,0,1561028097
1089,0,144736868
1090,0,91081810
1091,0,538809857
1092,0,3378647695
1093,0,3980744150
1094,0,3087627017
1095,0,1533747101
1096,0,730651121
1097,0,2800129192
1098,0,4194729137
1099,0,2274920793
1100,0,1087349248
1101,0,628158631
1102,0,1474670517
1103,0,2692524348
1104,0,2654814641
1105,0,4150537268
1106,0,783302117
1107,0,144549123
1108,0,999225533
1109,0,2008839377
1110,0,3722649602
1111,0,2240062099
1112,0,722437496
1113,0,2948464040
1114,0,286670892
1115,0,4217780229
1116,0,2964734198
1117,0,1841244386
1118,0,2630269651
1119,0,939728061
1120,0,688308119
1121,0,544226637
1122,0,3706215041
1123,0,549075709
1124,0,2605746415
1125,0,3286799593
1126,0,4291712563
1127,0,2483927639
1128,0,1269708148
1129,0,756977012
1130,0,1790842540
1131,0,2769523129
1132,0,868196171
1133,0,3397743456
1134,0,4190200724
1135,0,1673699565
1136,0,3426515778
1137,0,701974504
1138,0,3832465629
1139,0,2480650887
1140,0,1978544258
1141,0,3426420445
1142,0,822011149
1143,0,1740199778
1144,0,3891464392
1145,0,1537424413
1146,0,3090203565
1147,0,2833465967
1148,0,3581314360
1149,0,3219226064
1150,0,2604501597
1151,0,1689375654
1152,0,3681141317
1153,0,2265147765
1154,0,2946117635
1155,0,3672030478
1156,0,2727349649
1157,0,3345873920
1158,0,1700122294
1159,0,1290763799
1160,0,3331604385
1161,0,1835523377
1162,0,1324842097
1163,0,2388170093
1164,0,39459319
1165,0,1845490149
1166,0,3953137796
1167,0,4272781148
1168,0,1486696607
1169,0,794514648
1170,0,4258181432
1171,0,1457339724
1172,0,3756817206
1173,0,1104739603
1174,0,2435643374
1175,0,4126617798
1176,0,1846599441
1177,0,3416946920
1178,0,307260627
1179,0,3867829750
1180,0,3970624876
1181,0,2447476751
1182,0,3169269663
1183,0,411805749
1184,0,3693797523
1185,0,2267074927
1186,0,1017283273
1187,0,4085842484
1188,0,2855440819
1189,0,4170529681
1190,0,2734798882
1191,0,347338272
1192,0,613392507
1193,0,3231035227
1194,0,3667937636
1195,0,2719528162
1196,0,605125280
1197,0,1676320578
1198,0,811216675
1199,0,3262171772
1200,0,3168525187
1201,0,852546198
1202,0,952294455
1203,0,197508917
1204,0,944465316
1205,0,3406181563
1206,0,3216710675
1207,0,1528517615
1208,0,498319580
1209,0,3500552968
1210,0,3458217227
1211,0,3634829355
1212,0,1341053626
1213,0,58969126
1214,0,987829637
1215,0,308710413
1216,0,1684484219
1217,0,3479845039
1218,0,2274102928
1219,0,3449797215
1220,0,1616683413
1221,0,2040598498
1222,0,1408309836
1223,0,1739382800
1224,0,2390566183
1225,0,1910757675
1226,0,1376859464
1227,0,3820613012
1228,0,527126705
1229,0,3671329775
1230,0,781255003
1231,0,3656820422
1232,0,2833410673
1233,0,1345006663
1234,0,2178483286
1235,0,2334198559
1236,0,3793058302
1237,0,3900273163
1238,0,20337655
1239,0,2723290163
1240,0,3679819769
1241,0,1559946924
1242,0,96711131
1243,0,216394951
1244,0,2664946521
1245,0,3525704039
1246,0,3425489795
1247,0,2647624973
1248,0,3786243194
1249,0,2321643019
1250,0,816369467
1251,0,12109852
1252,0,785636577
1253,0,4239728262
1254,0,3017529268
1255,0,3968554850
1256,0,1250811505
1257,0,3644021968
1258,0,3884561668
1259,0,4093833104
1260,0,2548553320
1261,0,3363241821
1262,0,3828860659
1263,0,2178725991
1264,0,3436851951
1265,0,3665125932
1266,0,2955673524
1267,0,880677658
1268,0,901261972
1269,0,767356609
1270,0,3170257043
1271,0,3378929217
1272,0,1466015190
1273,0,4290156763
1274,0,3104849709
1275,0,1615710903
1276,0,4201873786
1277,0,3251375828
1278,0,1120105791
1279,0,2700403373
1280,0,3438146342
1281,0,598230562
1282,0,1190027540
1283,0,3545770546
1284,0,366880413
1285,0,4038077819
1286,0,1459210612
1287,0,2503519615
1288,0,2457250740
1289,0,2801864372
1290,0,1546548799
1291,0,3486660139
1292,0,2884978336
1293,0,1728684336
1294,0,920558663
1295,0,1335350124
1296,0,180042673
1297,0,3563620279
1298,0,1465826040
1299,0,2151589368
1300,0,3299899576
1301,0,3208949771
1302,0,33378697
1303,0,3527977359
1304,0,677145683
1305,0,522029496
1306,0,1802570509
1307,0,134303397
1308,0,459945903
1309,0,3999323488
1310,0,1834569670
1311,0,3499368278
1312,0,1017129929
1313,0,50066309
1314,0,3991328192
1315,0,3699835791
1316,0,2720613236
1317,0,3266792631
1318,0,1326882247
1319,0,157827472
1320,0,705848989
1321,0,3204401757
1322,0,2704077159
1323,0,3741438471
1324,0,1298748487
1325,0,2614194519
1326,0,176340714
1327,0,4138064101
1328,0,4203911449
1329,0,2676774369
1330,0,3007287385
1331,0,1738967203
1332,0,1625607354
1333,0,3608014947
1334,0,1228224643
1335,0,713088433
1336,0,401227882
1337,0,2734873785
1338,0,3928333971
1339,0,1728946024
1340,0,1224627736
1341,0,3315595206
1342,0,1468163285
1343,0,2013389433
1344,0,25106616
1345,0,2942654476
1346,0,2298453502
1347,0,323775390
1348,0,1505981601
1349,0,3720261194
1350,0,109749329
1351,0,303368049
1352,0,3985948556
1353,0,918902142
1354,0,288469547
1355,0,3387749297
1356,0,2764437500
1357,0,1567958721
1358,0,3422697719
1359,0,3901698649
1360,0,3594957403
1361,0,28809725
1362,0,2743097241
1363,0,2266449696
1364,0,2443013113
1365,0,2695423112
1366,0,990832660
1367,0,663714130
1368,0,3691969792
1369,0,1987143223
1370,0,205702892
1371,0,3346200771
1372,0,2502969910
1373,0,313410989
1374,0,2573900960
1375,0,2502017599
1376,0,27845900
1377,0,3156482696
1378,0,3520439154
1379,0,3535922255
1380,0,658906635
1381,0,1952875848
1382,0,1026896591
1383,0,4143935577
1384,0,109041731
1385,0,1401887224
1386,0,2797106592
1387,0,2844267878
1388,0,3484720756
1389,0,3543939433
1390,0,3593953089
1391,0,2251510894
1392,0,2070062097
1393,0,3555913665
1394,0,1331400772
1395,0,2536690509
1396,0,1715055072
1397,0,867535906
1398,0,3288345210
1399,0,3903738237
1400,0,1925048221
1401,0,126498810
1402,0,1876934464
1403,0,2664011835
1404,0,337343836
1405,0,749324420
1406,0,2727414104
1407,0,4109588517
1408,0,1618891942
1409,0,4155702195
1410,0,2958898673
1411,0,3397439104
1412,0,3108258344
1413,0,287969192
1414,0,1262214951
1415,0,725339720
1416,0,212730129
1417,0,1560587703
1418,0,3740734510
1419,0,2989197559
1420,0,2777949389
1421,0,12524843
1422,0,2153486438
1423,0,2578651245
1424,0,2909168498
1425,0,1074425142
1426,0,3090798560
1427,0,3665249986
1428,0,1733094709
1429,0,2813081664
1430,0,874588754
1431,0,1007107591
1432,0,2737950564
1433,0,3246211914
1434,0,1267912640
1435,0,1597118549
1436,0,2603515753
1437,0,3433944072
1438,0,3014724830
1439,0,3615112363
1440,0,2366476124
1441,0,2686727375
1442,0,4043650481
1443,0,2715087720
1444,0,3364125236
1445,0,3214533493
1446,0,4246164302
1447,0,4172121809
1448,0,1183309738
1449,0,321577843
1450,0,2815442673
1451,0,2714210358
1452,0,737035030
1453,0,2450696400
1454,0,638689748
1455,0,1464742113
1456,0,3138998600
1457,0,3073582032
1458,0,3126854900
1459,0,3844466923
1460,0,1596733975
1461,0,3585634848
1462,0,2759844894
1463,0,1199375456
1464,0,434078872
1465,0,3235051518
1466,0,1535272424
1467,0,4040335511
1468,0,1019366423
1469,0,3713155159
1470,0,1044755867
1471,0,2518986208
1472,0,284392714
1473,0,2501007043
1474,0,646020582
1475,0,780834424
1476,0,4109411098
1477,0,4074895667
1478,0,1966605776
1479,0,3318078769
1480,0,2988147200
1481,0,2301068941
1482,0,1194677430
1483,0,1507831431
1484,0,770443392
1485,0,863469886
1486,0,2840867414
1487,0,3435290361
1488,0,1689949079
1489,0,4022695571
1490,0,1676801304
1491,0,4144606609
1492,0,2512811340
1493,0,915720091
1494,0,1654252968
1495,0,2612370814
1496,0,726886163
1497,0,2979380651
1498,0,3258649051
1499,0,3272028987
1500,0,2305323243
1501,0,1776236913
1502,0,1356504873
1503,0,1690855542
1504,0,1360334389
1505,0,3936951772
1506,0,3947746293
1507,0,2002269932
1508,0,1093946350
1509,0,3245610634
1510,0,923507800
1511,0,3566697752
1512,0,1572368578
1513,0,665008978
1514,0,1507999222
1515,0,3586304472
1516,0,2680479012
1517,0,2288762260
1518,0,82906488
1519,0,2392712503
1520,0,1968740714
1521,0,2831720528
1522,0,614283281
1523,0,4034159134
1524,0,4207156389
1525,0,1396736429
1526,0,768934647
1527,0,1023353458
1528,0,3465595754
1529,0,675410452
1530,0,3597425589
1531,0,4265636408
1532,0,4041624923
1533,0,283840093
1534,0,1429360493
1535,0,2267267394
1536,0,243751725
1537,0,1504948828
1538,0,3506213280
1539,0,467576900
1540,0,337619663
1541,0,3380705260
1542,0,149687826
1543,0,2901367333
1544,0,3000035312
1545,0,1811459079
1546,0,2977305691
1547,0,206895365
1548,0,4260759391
1549,0,2661467121
1550,0,491557759
1551,0,1799727406
1552,0,308331998
1553,0,1371215571
1554,0,1598849795
1555,0,716969525
1556,0,2804327176
1557,0,464834507
1558,0,3421516621
1559,0,2124891553
1560,0,1417083816
1561,0,3950279433
1562,0,3870837091
1563,0,488606601
1564,0,1639279230
1565,0,1403210851
1566,0,2143887348
1567,0,3670117391
1568,0,2202217551
1569,0,1067276906
1570,0,249188418
1571,0,3734271819
1572,0,1608176085
1573,0,3119388549
1574,0,416271178
1575,0,3581511865
1576,0,1773505358
1577,0,3277374240
1578,0,3165223294
1579,0,3814254365
1580,0,148644032
1581,0,340308706
1582,0,1082822376
1583,0,1000820259
1584,0,2651563346
1585,0,3197341762
1586,0,1609398255
1587,0,3540845447
1588,0,482778393
1589,0,601788363
1590,0,3067432408
1591,0,4070969231
1592,0,1504260772
1593,0,2152474138
1594,0,2506354685
1595,0,4212870611
1596,0,3331192035
1597,0,2049226123
1598,0,2116148193
1599,0,4008112303
1600,0,538265915
1601,0,2944391650
1602,0,3694513059
1603,0,3446847843
1604,0,3515620812
1605,0,344141334
1606,0,1501233270
1607,0,399394124
1608,0,865269023
1609,0,3407172455
1610,0,1313470651
1611,0,1519035028
1612,0,3588004600
1613,0,2532609689
1614,0,3822193738
1615,0,3912806791
1616,0,504229475
1617,0,3690606563
1618,0,1590041824
1619,0,907025389
1620,0,2564393531
1621,0,2588500084
1622,0,2125517239
1623,0,4098260340
1624,0,1190457472
1625,0,3296133810
1626,0,2685093090
1627,0,3665524105
1628,0,764146284
1629,0,722283119
1630,0,1179722927
1631,0,978996333
1632,0,153969990
1633,0,356189956
1634,0,3467378889
1635,0,2551576051
1636,0,4091236966
1637,0,2875984653
1638,0,1807384427
1639,0,2931205440
1640,0,969773487
1641,0,4110335539
1642,0,1143028303
1643,0,242586779
1644,0,540276712
1645,0,2266351983
1646,0,4181653523
1647,0,3786271405
1648,0,3287613169
1649,0,3648318564
1650,0,3690040600
1651,0,2685271569
1652,0,3862294326
1653,0,565401919
1654,0,403116757
1655,0,2984521883
1656,0,3374196576
1657,0,3015054009
1658,0,1304445801
1659,0,4026889823
1660,0,2266603064
1661,0,788942519
1662,0,1019962943
1663,0,1369008409
1664,0,3420575487
1665,0,3606544992
1666,0,4056528541
1667,0,609539856
1668,0,1751613739
1669,0,2417429578
1670,0,1112597541
1671,0,2220425903
1672,0,630891913
1673,0,1415323292
1674,0,644963899
1675,0,3144754400
1676,0,1648363990
1677,0,203814155
1678,0,3793569129
1679,0,481838609
1680,0,2604132780
1681,0,2789805837
1682,0,1924495353
1683,0,1426915932
1684,0,1570367263
1685,0,1312605154
1686,0,509472898
1687,0,2851206180
1688,0,2043858014
1689,0,729453106
1690,0,1587624748
1691,0,1096056334
1692,0,472838596
1693,0,2161379631
1694,0,1070388023
1695,0,283532706
1728,0,2737647114
1729,0,3680617212
1730,0,2230869763
1731,0,1813473647
1732,0,2791569330
1733,0,3392054520
1734,0,3364151200
1735,0,1030632728
1736,0,2187614014
1737,0,418512031
1738,0,3408128750
1739,0,2041596913
1740,0,1761878358
1741,0,1224503265
1742,0,1694859585
1743,0,1888792887
1744,0,821456814
1745,0,1568273615
1746,0,535069407
1747,0,2019263744
1748,0,395030237
1749,0,676839765
1750,0,3755746315
1751,0,821058821
1752,0,1363997965
1753,0,843804059
1754,0,2700897927
1755,0,2294258225
1756,0,80313965
1757,0,1268626959
1758,0,1457077377
1759,0,1483579525
1760,0,1674813915
1761,0,3941699535
1762,0,3121105707
1763,0,3737329981
1764,0,3867104687
1765,0,2510080650
1766,0,2507936108
1767,0,4251107908
1768,0,6818545
1769,0,670263082
1770,0,701912705
1771,0,2210850626
1772,0,3137311349
1773,0,1586746253
1774,0,3098435196
1775,0,526196300
1776,0,772587718
1777,0,1956586060
1778,0,2316021447
1779,0,95753454
1780,0,1110992954
1781,0,2833185541
1782,0,2154986394
1783,0,791338842
1784,0,3975479930
1785,0,3690389703
1786,0,4197344560
1787,0,3884429556
1788,0,582893368
1789,0,1316028180
1790,0,1675144317
1791,0,3165773206
1792,0,3292902141
1793,0,828331504
1794,0,2814785536
1795,0,2013725699
1796,0,2288132160
1797,0,1092782293
1798,0,389822953
1799,0,2418765001
1800,0,1274310672
1801,0,2067025803
1802,0,2859437001
1803,0,969297410
1804,0,4039685665
1805,0,663765447
1806,0,3669914739
1807,0,2452869899
1808,0,3792315234
1809,0,1788885617
1810,0,3492527174
1811,0,1405541751
1812,0,2238140707
1813,0,2267272898
1814,0,1116139487
1815,0,1893026881
1816,0,4076674319
1817,0,2059821441
1818,0,1748321722
1819,0,3503217307
1820,0,2016040437
1821,0,1611234143
1822,0,2738168110
1823,0,3842815590
1856,0,1194674553
1857,0,760860916
1858,0,4289474999
1859,0,1254572602
1860,0,4069145658
1861,0,346681660
1862,0,2067983131
1863,0,3792869739
1864,0,2529927028
1865,0,1099485478
1866,0,774611696
1867,0,348419722
1868,0,3636071296
1869,0,2692918213
1870,0,1253332536
1871,0,3457545761
1872,0,1793861481
1873,0,774864201
1874,0,4047604938
1875,0,3687659622
1876,0,3841525446
1877,0,1075133974
1878,0,489042525
1879,0,3067216523
1880,0,652222602
1881,0,2095009714
1882,0,805429734
1883,0,2342115576
1884,0,2690029531
1885,0,655630125
1886,0,986466293
1887,0,4100285292
1888,0,1494295144
1889,0,3604972550
1890,0,3988107785
1891,0,627261843
1892,0,3882999899
1893,0,3022475558
1894,0,2658433735
1895,0,884922481
1896,0,430013065
1897,0,3908599761
1898,0,122136144
1899,0,2184588630
1900,0,3020234136
1901,0,3782532643
1902,0,748743707
1903,0,357631434
1904,0,2296625406
1905,0,8185600
1906,0,252280974
1907,0,3692281666
1908,0,3566140767
1909,0,1871053165
1910,0,1523917240
1911,0,581535721
1912,0,1489073827
1913,0,3031472265
1914,0,1402765433
1915,0,2985031600
1916,0,749705214
1917,0,341254678
1918,0,4071020956
1919,0,456976278
1920,0,959947560
1921,0,1728738721
1922,0,511078078
1923,0,2811833006
1924,0,3680096968
1925,0,3239373640
1926,0,3552930742
1927,0,2831223055
1928,0,3052737055
1929,0,3781804356
1930,0,4049899876
1931,0,172767424
1932,0,668709674
1933,0,1717937493
1934,0,2334321266
1935,0,469035460
1936,0,1598652130
1937,0,1647694760
1938,0,3495382664
1939,0,155982635
1940,0,3473865183
1941,0,379005285
1942,0,2227562424
1943,0,1047367553
1944,0,2082529711
1945,0,1655899397
1946,0,1080501644
1947,0,1040714503
1948,0,3530973907
1949,0,3685594469
1950,0,3441778501
1951,0,3212068931
1952,0,4193934557
1953,0,4266989645
1954,0,4140714627
1955,0,3428359372
1956,0,669980332
1957,0,1650749969
1958,0,1759683650
1959,0,2973086871
1960,0,4081958852
1961,0,3524701790
1962,0,4235254704
1963,0,131313235
1964,0,824646847
1965,0,2225219847
1966,0,4057436422
1967,0,2099072861
1968,0,1244013030
1969,0,1296989067
1970,0,3319007252
1971,0,3724797343
1972,0,4105882663
1973,0,183578040
1974,0,3347151227
1975,0,4251175084
1976,0,179787895
1977,0,3598769611
1978,0,1778561463
1979,0,3132996109
1980,0,2994700947
1981,0,127251237
1982,0,2413310077
1983,0,3006088790
1984,0,1579244589
1985,0,3241941279
1986,0,31775248
1987,0,3463741219
1988,0,1939325579
1989,0,4078570088
1990,0,4173151011
1991,0,2767711535
1992,0,1930826054
1993,0,2532291321
1994,0,1990522497
1995,0,3873502683
1996,0,4079408950
1997,0,297826582
1998,0,3266607751
1999,0,4050858709
2000,0,1913844065
2001,0,2883987646
2002,0,2966038278
2003,0,1903771507
2004,0,2222584632
2005,0,4190857431
2006,0,250189151
2007,0,3020883134
2008,0,3347394738
2009,0,1408978715
2010,0,2032038135
2011,0,1461298583
2012,0,382073858
2013,0,2180578464
2014,0,1408942422
2015,0,1909494654
2016,0,340997761
2017,0,585553856
2018,0,4224438831
2019,0,2956996584
2020,0,34853878
2021,0,1976096704
2022,0,2301422424
2023,0,2629553691
2024,0,1248020551
2025,0,1310492594
2026,0,62894119
2027,0,1121875386
2028,0,21430862
2029,0,3235441641
2030,0,1762722395
2031,0,1645385782
2032,0,329013052
2033,0,3054037921
2034,0,3304021503
2035,0,3309691063
2036,0,1395965918
2037,0,1563208345
2038,0,3347200614
2039,0,2568616481
2040,0,1844226287
2041,0,3872892535
2042,0,1362141211
2043,0,3813651138
2044,0,3085496681
2045,0,2440377579
2046,0,3403787519
2047,0,280517440
2112,0,967371900
2113,0,2697507727
2114,0,1637356211
2115,0,436611540
2116,0,950275850
2117,0,2447861416
2118,0,3682164241
2119,0,3889942476
2120,0,1516379005
2121,0,951797915
2122,0,1688734127
2123,0,3592861505
2124,0,421295078
2125,0,2071982742
2126,0,545484800
2127,0,2666119009
2128,0,2310846339
2129,0,4141341829
2130,0,2779266790
2131,0,3974190172
2132,0,188504649
2133,0,2396156947
2134,0,3395220315
2135,0,2458300769
2136,0,3523007924
2137,0,570716721
2138,0,604145168
2139,0,3973526128
2140,0,1505743036
2141,0,3601345640
2142,0,3079535290
2143,0,328033335
2176,0,1308772677
2177,0,3799494864
2178,0,2581259814
2179,0,1725354377
2180,0,538071226
2181,0,715231928
2182,0,103106211
2183,0,1893681851
2184,0,2827266463
2185,0,2338176964
2186,0,2818642774
2187,0,3340327427
2188,0,1735444943
2189,0,3077294987
2190,0,222518342
2191,0,3216919363
2192,0,2886997288
2193,0,4170271856
2194,0,4076583711
2195,0,916136883
2196,0,255865445
2197,0,681462403
2198,0,3624212196
2199,0,569170568
2200,0,3977084182
2201,0,391910497
2202,0,803188649
2203,0,2675356988
2204,0,1945316180
2205,0,3316491032
2206,0,1209918495
2207,0,1733407824
2208,0,1789397789
2209,0,314065400
2210,0,1248779227
2211,0,3014367601
2212,0,3493789523
2213,0,4115107737
2214,0,2451641763
2215,0,2721091785
2216,0,3038049149
2217,0,1142136512
2218,0,3468370309
2219,0,4226895040
2220,0,2672663412
2221,0,2822939077
2222,0,1932886264
2223,0,2792803533
2224,0,2181379194
2225,0,3049693663
2226,0,1582519553
2227,0,2862514296
2228,0,681974576
2229,0,2479731920
2230,0,2409851163
2231,0,2995745595
2232,0,3253703855
2233,0,1547161426
2234,0,510028348
2235,0,3071407660
2236,0,3008522758
2237,0,1011381487
2238,0,1751399717
2239,0,400405093
2240,0,3720044104
2241,0,2016586577
2242,0,2253070941
2243,0,2719914237
2244,0,1361121245
2245,0,1804100016
2246,0,2423529359
2247,0,1664827373
2248,0,2618633294
2249,0,167960704
2250,0,2487990953
2251,0,2160300006
2252,0,3604600921
2253,0,1468225712
2254,0,2923272634
2255,0,3159371999
2256,0,4080677562
2257,0,415771020
2258,0,2731362672
2259,0,2005589153
2260,0,2948841326
2261,0,3723263065
2262,0,512350250
2263,0,2484983660
2264,0,4042801812
2265,0,3992807137
2266,0,1695393873
2267,0,3506170386
2268,0,445015310
2269,0,316542397
2270,0,3192997161
2271,0,1215423539
2272,0,3925899080
2273,0,2043257532
2274,0,4267608595
2275,0,3431157309
2276,0,231944063
2277,0,1872992065
2278,0,3023865188
2279,0,3063083692
2280,0,4029144879
2281,0,1938121486
2282,0,595415932
2283,0,2873125205
2284,0,1798952544
2285,0,1867132378
2286,0,1960733922
2287,0,2433513507
2288,0,3742036935
2289,0,2939698366
2290,0,3176838601
2291,0,2543839032
2292,0,73564676
2293,0,3496422069
2294,0,2466485645
2295,0,3623546836
2296,0,3389354068
2297,0,3858204723
2298,0,2328734507
2299,0,3400682271
2300,0,4193039383
2301,0,2191660960
2302,0,3398993643
2303,0,2465526505
2304,0,1143479637
2305,0,3083947028
2306,0,1411638429
2307,0,1052395621
2308,0,2171380862
2309,0,2844704623
2310,0,2987355038
2311,0,2968256544
2312,0,770380500
2313,0,3112637580
2314,0,968989159
2315,0,1431498681
2316,0,471643787
2317,0,3548376653
2318,0,4168973270
2319,0,3086326517
2320,0,2446077088
2321,0,2673669900
2322,0,907251090
2323,0,3013355010
2324,0,3704866860
2325,0,521486887
2326,0,1567541359
2327,0,135143838
2328,0,1267562368
2329,0,1256039166
2330,0,784443999
2331,0,1791145178
2332,0,3076830262
2333,0,498007079
2334,0,2271599474
2335,0,3178965911
2400,0,1511241463
2401,0,3043316401
2402,0,4183611432
2403,0,694471044
2404,0,3134596206
2405,0,3038819107
2406,0,3419722401
2407,0,1637586497
2408,0,2032419560
2409,0,3730731220
2410,0,417064502
2411,0,3888091960
2412,0,2932581204
2413,0,2391314052
2414,0,1951425576
2415,0,1652445186
2416,0,2813772701
2417,0,2272187295
2418,0,4273913649
2419,0,38402109
2420,0,2491848154
2421,0,2172857924
2422,0,1831882817
2423,0,2150643837
2424,0,1623500706
2425,0,1914907386
2426,0,4176497092
2427,0,3370030368
2428,0,1428790205
2429,0,2912885458
2430,0,2523581360
2431,0,747187198
2432,0,1132016830
2433,0,3627421545
2434,0,582963972
2435,0,3542702603
2436,0,4116742623
2437,0,1312390450
2438,0,1384034909
2439,0,43997351
2440,0,3639754786
2441,0,2386510713
2442,0,2891602545
2443,0,93664923
2444,0,3414614072
2445,0,3887895800
2446,0,3512099657
2447,0,3134650134
2448,0,3803489420
2449,0,2995186782
2450,0,2393792728
2451,0,337473986
2452,0,4270388944
2453,0,3926022617
2454,0,2249982437
2455,0,3258252373
2456,0,3933217738
2457,0,791383310
2458,0,2412129067
2459,0,516858170
2460,0,2547584398
2461,0,2071609850
2462,0,1541804888
2463,0,2821106782
2656,0,2091716639
2657,0,192771656
2658,0,321959634
2659,0,3098833095
2660,0,3812489649
2661,0,3715432756
2662,0,3609480253
2663,0,2329652972
2664,0,533494927
2665,0,2615623809
2666,0,219969082
2667,0,4172647735
2668,0,1803189886
2669,0,2986354852
2670,0,1435145966
2671,0,3988651493
2672,0,305129541
2673,0,197182742
2674,0,2133039175
2675,0,2302981138
2676,0,3877209553
2677,0,601492992
2678,0,559799981
2679,0,3415101129
2680,0,1220187042
2681,0,1125451365
2682,0,2565023401
2683,0,2063167218
2684,0,3016206657
2685,0,2602233078
2686,0,369998132
2687,0,2219203969
2720,0,1537908969
2721,0,4182204786
2722,0,3092009734
2723,0,2008926224
2724,0,424298159
2725,0,1651393120
2726,0,3999332689
2727,0,3625885556
2728,0,1978878732
2729,0,2395631077
2730,0,2913150878
2731,0,3812681206
2732,0,3480361
2733,0,3378330273
2734,0,2938935557
2735,0,3179857763
2736,0,167399409
2737,0,1083027859
2738,0,558560076
2739,0,2605373309
2740,0,4110934607
2741,0,546233320
2742,0,2240242737
2743,0,1227843217
2744,0,442472847
2745,0,3299846712
2746,0,218032972
2747,0,3816256359
2748,0,2926127274
2749,0,3841560468
2750,0,1952958257
2751,0,481660753
2880,0,127692531
2881,0,3255513490
2882,0,589124174
2883,0,2748189284
2884,0,852877189
2885,0,2911001079
2886,0,824549257
2887,0,3628802691
2888,0,1064865102
2889,0,4110032614
2890,0,1408642005
2891,0,1192547059
2892,0,1947293334
2893,0,2259978007
2894,0,3701205948
2895,0,2624279050
2896,0,862407423
2897,0,2636135299
2898,0,3495085003
2899,0,2371296286
2900,0,3024717300
2901,0,438285935
2902,0,1989550278
2903,0,3814295969
2904,0,2681590391
2905,0,2533308410
2906,0,1879683258
2907,0,2244257045
2908,0,1034402150
2909,0,2615711811
2910,0,2499230291
2911,0,68227629
2912,0,3972039143
2913,0,1669328057
2914,0,1140390509
2915,0,3390829271
2916,0,1013470743
2917,0,3825140994
2918,0,1756877069
2919,0,3226546310
2920,0,779220838
2921,0,54188584
2922,0,1468085495
2923,0,1390568312
2924,0,3475041278
2925,0,2578913521
2926,0,797552901
2927,0,747284465
2928,0,1994637995
2929,0,3630308336
2930,0,4170619326
2931,0,1602797998
2932,0,2954456176
2933,0,796095963
2934,0,2026803935
2935,0,4164015413
2936,0,2423626686
2937,0,1128992223
2938,0,2096064583
2939,0,2904544820
2940,0,2901853912
2941,0,4052903182
2942,0,458000759
2943,0,3324486790
3408,0,2484603731
3409,0,993402026
3410,0,3972480923
3411,0,1841240609
3412,0,1368708828
3413,0,2729008155
3414,0,2892327246
3415,0,685348072
3416,0,1389863050
3417,0,2115030729
3418,0,2666690701
3419,0,3986014204
3420,0,388516841
3421,0,3573152931
3422,0,2261830581
3423,0,1801627814
