process,status,k,g,candidate,state_bytes,resident_payload_bytes,warmups,repeats,logical_dispatches,p50_ns,p95_ns,input_checksum,output_checksum,skip_reason,performance_claim
1,measured,256,128,vec4,4096,16384,5,30,8,231796,289991,4c67926a9205d7b4,956299587c8af4b4,none,none
1,measured,256,128,fused2,4096,16384,5,30,7,208667,530499,4c67926a9205d7b4,956299587c8af4b4,none,none
1,measured,256,128,tile8,4096,16384,5,30,6,185610,228139,4c67926a9205d7b4,956299587c8af4b4,none,none
1,measured,256,512,vec4,16384,65536,5,30,8,249547,266620,38bbe1f688e24d78,1c8bb372f8f1302e,none,none
1,measured,256,512,fused2,16384,65536,5,30,7,225166,592184,38bbe1f688e24d78,1c8bb372f8f1302e,none,none
1,measured,256,512,tile8,16384,65536,5,30,6,199471,228241,38bbe1f688e24d78,1c8bb372f8f1302e,none,none
1,measured,256,2048,vec4,65536,262144,5,30,8,256398,279722,c9e538e9f9dccedd,259153fc2c7bc4e7,none,none
1,measured,256,2048,fused2,65536,262144,5,30,7,232454,273610,c9e538e9f9dccedd,259153fc2c7bc4e7,none,none
1,measured,256,2048,tile8,65536,262144,5,30,6,213703,247647,c9e538e9f9dccedd,259153fc2c7bc4e7,none,none
1,measured,1024,128,vec4,16384,65536,5,30,10,329054,341342,26abf5bddd03bbc5,79acd556594188cd,none,none
1,measured,1024,128,fused2,16384,65536,5,30,9,304343,335583,26abf5bddd03bbc5,79acd556594188cd,none,none
1,measured,1024,128,tile8,16384,65536,5,30,8,277167,293185,26abf5bddd03bbc5,79acd556594188cd,none,none
1,measured,1024,512,vec4,65536,262144,5,30,10,320565,332195,0949b62ffc70d026,7663f0c9d3466943,none,none
1,measured,1024,512,fused2,65536,262144,5,30,9,295241,336018,0949b62ffc70d026,7663f0c9d3466943,none,none
1,measured,1024,512,tile8,65536,262144,5,30,8,279269,302258,0949b62ffc70d026,7663f0c9d3466943,none,none
1,measured,1024,2048,vec4,262144,1048576,5,30,10,340555,364500,2d4a1c573b9665e7,d32c613321b43c7f,none,none
1,measured,1024,2048,fused2,262144,1048576,5,30,9,310778,357362,2d4a1c573b9665e7,d32c613321b43c7f,none,none
1,measured,1024,2048,tile8,262144,1048576,5,30,8,304278,322665,2d4a1c573b9665e7,d32c613321b43c7f,none,none
1,measured,4096,128,vec4,65536,262144,5,30,12,381786,420370,d878e557b6daedce,8cc85ceb09c8efed,none,none
1,measured,4096,128,fused2,65536,262144,5,30,11,361500,369935,d878e557b6daedce,8cc85ceb09c8efed,none,none
1,measured,4096,128,tile8,65536,262144,5,30,10,339898,357426,d878e557b6daedce,8cc85ceb09c8efed,none,none
1,measured,4096,512,vec4,262144,1048576,5,30,12,394213,403767,07e875993970433c,207dceeda1be3f5b,none,none
1,measured,4096,512,fused2,262144,1048576,5,30,11,373213,421425,07e875993970433c,207dceeda1be3f5b,none,none
1,measured,4096,512,tile8,262144,1048576,5,30,10,360250,404694,07e875993970433c,207dceeda1be3f5b,none,none
1,measured,4096,2048,vec4,1048576,4194304,5,30,12,467833,497879,4143a88e49ed614b,e0842ad8f72c0c9f,none,none
1,measured,4096,2048,fused2,1048576,4194304,5,30,11,436823,486221,4143a88e49ed614b,e0842ad8f72c0c9f,none,none
1,measured,4096,2048,tile8,1048576,4194304,5,30,10,478378,520887,4143a88e49ed614b,e0842ad8f72c0c9f,none,none
1,measured,16384,128,vec4,262144,1048576,5,30,14,433574,478582,318e48fc80dadb1f,a09bc0e13ecf9bf8,none,none
1,measured,16384,128,fused2,262144,1048576,5,30,13,408287,442851,318e48fc80dadb1f,a09bc0e13ecf9bf8,none,none
1,measured,16384,128,tile8,262144,1048576,5,30,12,397592,454721,318e48fc80dadb1f,a09bc0e13ecf9bf8,none,none
1,measured,16384,512,vec4,1048576,4194304,5,30,14,520647,543286,08b87a1ca99fa7b8,cc66b7b8fae87df4,none,none
1,measured,16384,512,fused2,1048576,4194304,5,30,13,489973,547009,08b87a1ca99fa7b8,cc66b7b8fae87df4,none,none
1,measured,16384,512,tile8,1048576,4194304,5,30,12,530778,585897,08b87a1ca99fa7b8,cc66b7b8fae87df4,none,none
1,measured,16384,2048,vec4,4194304,16777216,5,30,14,566185,3746087,6be3b72c15a212b9,3199380bd5011e6c,none,none
1,measured,16384,2048,fused2,4194304,16777216,5,30,13,496694,2312997,6be3b72c15a212b9,3199380bd5011e6c,none,none
1,measured,16384,2048,tile8,4194304,16777216,5,30,12,596407,4571012,6be3b72c15a212b9,3199380bd5011e6c,none,none
1,measured,65536,128,vec4,1048576,4194304,5,30,16,453408,1899545,9ec0db29a14c575b,4098921c6b362ecd,none,none
1,measured,65536,128,fused2,1048576,4194304,5,30,15,436000,4530836,9ec0db29a14c575b,4098921c6b362ecd,none,none
1,measured,65536,128,tile8,1048576,4194304,5,30,14,453722,3184052,9ec0db29a14c575b,4098921c6b362ecd,none,none
1,measured,65536,512,vec4,4194304,16777216,5,30,16,609888,4499161,84d06402da633040,29115d73667dee45,none,none
1,measured,65536,512,fused2,4194304,16777216,5,30,15,591258,3932643,84d06402da633040,29115d73667dee45,none,none
1,measured,65536,512,tile8,4194304,16777216,5,30,14,688453,4672586,84d06402da633040,29115d73667dee45,none,none
1,measured,262144,128,vec4,4194304,16777216,5,30,18,865175,916962,603e59446e81431f,99960c282a7f4ca5,none,none
1,measured,262144,128,fused2,4194304,16777216,5,30,17,884295,915925,603e59446e81431f,99960c282a7f4ca5,none,none
1,measured,262144,128,tile8,4194304,16777216,5,30,16,973953,1041340,603e59446e81431f,99960c282a7f4ca5,none,none
2,measured,256,128,vec4,4096,16384,5,30,8,227074,255926,4c67926a9205d7b4,956299587c8af4b4,none,none
2,measured,256,128,fused2,4096,16384,5,30,7,204704,232128,4c67926a9205d7b4,956299587c8af4b4,none,none
2,measured,256,128,tile8,4096,16384,5,30,6,183324,212378,4c67926a9205d7b4,956299587c8af4b4,none,none
2,measured,256,512,vec4,16384,65536,5,30,8,244908,258935,38bbe1f688e24d78,1c8bb372f8f1302e,none,none
2,measured,256,512,fused2,16384,65536,5,30,7,220185,268778,38bbe1f688e24d78,1c8bb372f8f1302e,none,none
2,measured,256,512,tile8,16384,65536,5,30,6,196352,218621,38bbe1f688e24d78,1c8bb372f8f1302e,none,none
2,measured,256,2048,vec4,65536,262144,5,30,8,270046,304518,c9e538e9f9dccedd,259153fc2c7bc4e7,none,none
2,measured,256,2048,fused2,65536,262144,5,30,7,246592,287463,c9e538e9f9dccedd,259153fc2c7bc4e7,none,none
2,measured,256,2048,tile8,65536,262144,5,30,6,224028,264610,c9e538e9f9dccedd,259153fc2c7bc4e7,none,none
2,measured,1024,128,vec4,16384,65536,5,30,10,367267,409732,26abf5bddd03bbc5,79acd556594188cd,none,none
2,measured,1024,128,fused2,16384,65536,5,30,9,343556,366278,26abf5bddd03bbc5,79acd556594188cd,none,none
2,measured,1024,128,tile8,16384,65536,5,30,8,305416,357093,26abf5bddd03bbc5,79acd556594188cd,none,none
2,measured,1024,512,vec4,65536,262144,5,30,10,403583,440629,0949b62ffc70d026,7663f0c9d3466943,none,none
2,measured,1024,512,fused2,65536,262144,5,30,9,369925,388861,0949b62ffc70d026,7663f0c9d3466943,none,none
2,measured,1024,512,tile8,65536,262144,5,30,8,340249,398704,0949b62ffc70d026,7663f0c9d3466943,none,none
2,measured,1024,2048,vec4,262144,1048576,5,30,10,412721,466759,2d4a1c573b9665e7,d32c613321b43c7f,none,none
2,measured,1024,2048,fused2,262144,1048576,5,30,9,379045,402647,2d4a1c573b9665e7,d32c613321b43c7f,none,none
2,measured,1024,2048,tile8,262144,1048576,5,30,8,361629,396102,2d4a1c573b9665e7,d32c613321b43c7f,none,none
2,measured,4096,128,vec4,65536,262144,5,30,12,479490,493055,d878e557b6daedce,8cc85ceb09c8efed,none,none
2,measured,4096,128,fused2,65536,262144,5,30,11,447148,451934,d878e557b6daedce,8cc85ceb09c8efed,none,none
2,measured,4096,128,tile8,65536,262144,5,30,10,416380,420093,d878e557b6daedce,8cc85ceb09c8efed,none,none
2,measured,4096,512,vec4,262144,1048576,5,30,12,484953,494509,07e875993970433c,207dceeda1be3f5b,none,none
2,measured,4096,512,fused2,262144,1048576,5,30,11,451324,465212,07e875993970433c,207dceeda1be3f5b,none,none
2,measured,4096,512,tile8,262144,1048576,5,30,10,432972,444870,07e875993970433c,207dceeda1be3f5b,none,none
2,measured,4096,2048,vec4,1048576,4194304,5,30,12,547194,555305,4143a88e49ed614b,e0842ad8f72c0c9f,none,none
2,measured,4096,2048,fused2,1048576,4194304,5,30,11,509268,525648,4143a88e49ed614b,e0842ad8f72c0c9f,none,none
2,measured,4096,2048,tile8,1048576,4194304,5,30,10,536222,557925,4143a88e49ed614b,e0842ad8f72c0c9f,none,none
2,measured,16384,128,vec4,262144,1048576,5,30,14,558166,566046,318e48fc80dadb1f,a09bc0e13ecf9bf8,none,none
2,measured,16384,128,fused2,262144,1048576,5,30,13,527092,539360,318e48fc80dadb1f,a09bc0e13ecf9bf8,none,none
2,measured,16384,128,tile8,262144,1048576,5,30,12,503787,509269,318e48fc80dadb1f,a09bc0e13ecf9bf8,none,none
2,measured,16384,512,vec4,1048576,4194304,5,30,14,627841,669369,08b87a1ca99fa7b8,cc66b7b8fae87df4,none,none
2,measured,16384,512,fused2,1048576,4194304,5,30,13,591713,615499,08b87a1ca99fa7b8,cc66b7b8fae87df4,none,none
2,measured,16384,512,tile8,1048576,4194304,5,30,12,614601,677823,08b87a1ca99fa7b8,cc66b7b8fae87df4,none,none
2,measured,16384,2048,vec4,4194304,16777216,5,30,14,835073,861369,6be3b72c15a212b9,3199380bd5011e6c,none,none
2,measured,16384,2048,fused2,4194304,16777216,5,30,13,792573,807582,6be3b72c15a212b9,3199380bd5011e6c,none,none
2,measured,16384,2048,tile8,4194304,16777216,5,30,12,995221,1011203,6be3b72c15a212b9,3199380bd5011e6c,none,none
2,measured,65536,128,vec4,1048576,4194304,5,30,16,713415,724963,9ec0db29a14c575b,4098921c6b362ecd,none,none
2,measured,65536,128,fused2,1048576,4194304,5,30,15,687702,739786,9ec0db29a14c575b,4098921c6b362ecd,none,none
2,measured,65536,128,tile8,1048576,4194304,5,30,14,696693,705499,9ec0db29a14c575b,4098921c6b362ecd,none,none
2,measured,65536,512,vec4,4194304,16777216,5,30,16,942045,997777,84d06402da633040,29115d73667dee45,none,none
2,measured,65536,512,fused2,4194304,16777216,5,30,15,908026,948749,84d06402da633040,29115d73667dee45,none,none
2,measured,65536,512,tile8,4194304,16777216,5,30,14,1097814,1138721,84d06402da633040,29115d73667dee45,none,none
2,measured,262144,128,vec4,4194304,16777216,5,30,18,1061351,1108601,603e59446e81431f,99960c282a7f4ca5,none,none
2,measured,262144,128,fused2,4194304,16777216,5,30,17,1069239,1103637,603e59446e81431f,99960c282a7f4ca5,none,none
2,measured,262144,128,tile8,4194304,16777216,5,30,16,1207739,1255564,603e59446e81431f,99960c282a7f4ca5,none,none
3,measured,256,128,vec4,4096,16384,5,30,8,229166,254120,4c67926a9205d7b4,956299587c8af4b4,none,none
3,measured,256,128,fused2,4096,16384,5,30,7,208695,416323,4c67926a9205d7b4,956299587c8af4b4,none,none
3,measured,256,128,tile8,4096,16384,5,30,6,184814,225269,4c67926a9205d7b4,956299587c8af4b4,none,none
3,measured,256,512,vec4,16384,65536,5,30,8,249852,304759,38bbe1f688e24d78,1c8bb372f8f1302e,none,none
3,measured,256,512,fused2,16384,65536,5,30,7,224121,259453,38bbe1f688e24d78,1c8bb372f8f1302e,none,none
3,measured,256,512,tile8,16384,65536,5,30,6,201481,232907,38bbe1f688e24d78,1c8bb372f8f1302e,none,none
3,measured,256,2048,vec4,65536,262144,5,30,8,278982,297287,c9e538e9f9dccedd,259153fc2c7bc4e7,none,none
3,measured,256,2048,fused2,65536,262144,5,30,7,247749,268666,c9e538e9f9dccedd,259153fc2c7bc4e7,none,none
3,measured,256,2048,tile8,65536,262144,5,30,6,227852,251879,c9e538e9f9dccedd,259153fc2c7bc4e7,none,none
3,measured,1024,128,vec4,16384,65536,5,30,10,370268,390972,26abf5bddd03bbc5,79acd556594188cd,none,none
3,measured,1024,128,fused2,16384,65536,5,30,9,344380,374352,26abf5bddd03bbc5,79acd556594188cd,none,none
3,measured,1024,128,tile8,16384,65536,5,30,8,311166,353481,26abf5bddd03bbc5,79acd556594188cd,none,none
3,measured,1024,512,vec4,65536,262144,5,30,10,407880,450796,0949b62ffc70d026,7663f0c9d3466943,none,none
3,measured,1024,512,fused2,65536,262144,5,30,9,373786,422842,0949b62ffc70d026,7663f0c9d3466943,none,none
3,measured,1024,512,tile8,65536,262144,5,30,8,343935,361360,0949b62ffc70d026,7663f0c9d3466943,none,none
3,measured,1024,2048,vec4,262144,1048576,5,30,10,413869,456176,2d4a1c573b9665e7,d32c613321b43c7f,none,none
3,measured,1024,2048,fused2,262144,1048576,5,30,9,381230,430508,2d4a1c573b9665e7,d32c613321b43c7f,none,none
3,measured,1024,2048,tile8,262144,1048576,5,30,8,362675,397158,2d4a1c573b9665e7,d32c613321b43c7f,none,none
3,measured,4096,128,vec4,65536,262144,5,30,12,476703,523361,d878e557b6daedce,8cc85ceb09c8efed,none,none
3,measured,4096,128,fused2,65536,262144,5,30,11,443528,463620,d878e557b6daedce,8cc85ceb09c8efed,none,none
3,measured,4096,128,tile8,65536,262144,5,30,10,412907,449898,d878e557b6daedce,8cc85ceb09c8efed,none,none
3,measured,4096,512,vec4,262144,1048576,5,30,12,431767,458990,07e875993970433c,207dceeda1be3f5b,none,none
3,measured,4096,512,fused2,262144,1048576,5,30,11,402536,468221,07e875993970433c,207dceeda1be3f5b,none,none
3,measured,4096,512,tile8,262144,1048576,5,30,10,388665,415972,07e875993970433c,207dceeda1be3f5b,none,none
3,measured,4096,2048,vec4,1048576,4194304,5,30,12,534250,607008,4143a88e49ed614b,e0842ad8f72c0c9f,none,none
3,measured,4096,2048,fused2,1048576,4194304,5,30,11,501684,528323,4143a88e49ed614b,e0842ad8f72c0c9f,none,none
3,measured,4096,2048,tile8,1048576,4194304,5,30,10,533175,559924,4143a88e49ed614b,e0842ad8f72c0c9f,none,none
3,measured,16384,128,vec4,262144,1048576,5,30,14,436777,1138804,318e48fc80dadb1f,a09bc0e13ecf9bf8,none,none
3,measured,16384,128,fused2,262144,1048576,5,30,13,414036,461972,318e48fc80dadb1f,a09bc0e13ecf9bf8,none,none
3,measured,16384,128,tile8,262144,1048576,5,30,12,404583,472009,318e48fc80dadb1f,a09bc0e13ecf9bf8,none,none
3,measured,16384,512,vec4,1048576,4194304,5,30,14,579351,647916,08b87a1ca99fa7b8,cc66b7b8fae87df4,none,none
3,measured,16384,512,fused2,1048576,4194304,5,30,13,546166,609758,08b87a1ca99fa7b8,cc66b7b8fae87df4,none,none
3,measured,16384,512,tile8,1048576,4194304,5,30,12,570185,622796,08b87a1ca99fa7b8,cc66b7b8fae87df4,none,none
3,measured,16384,2048,vec4,4194304,16777216,5,30,14,692139,786953,6be3b72c15a212b9,3199380bd5011e6c,none,none
3,measured,16384,2048,fused2,4194304,16777216,5,30,13,653897,743619,6be3b72c15a212b9,3199380bd5011e6c,none,none
3,measured,16384,2048,tile8,4194304,16777216,5,30,12,770804,906720,6be3b72c15a212b9,3199380bd5011e6c,none,none
3,measured,65536,128,vec4,1048576,4194304,5,30,16,588629,663129,9ec0db29a14c575b,4098921c6b362ecd,none,none
3,measured,65536,128,fused2,1048576,4194304,5,30,15,565018,626702,9ec0db29a14c575b,4098921c6b362ecd,none,none
3,measured,65536,128,tile8,1048576,4194304,5,30,14,563795,624295,9ec0db29a14c575b,4098921c6b362ecd,none,none
3,measured,65536,512,vec4,4194304,16777216,5,30,16,712777,777304,84d06402da633040,29115d73667dee45,none,none
3,measured,65536,512,fused2,4194304,16777216,5,30,15,684323,749545,84d06402da633040,29115d73667dee45,none,none
3,measured,65536,512,tile8,4194304,16777216,5,30,14,767758,837471,84d06402da633040,29115d73667dee45,none,none
3,measured,262144,128,vec4,4194304,16777216,5,30,18,814221,867573,603e59446e81431f,99960c282a7f4ca5,none,none
3,measured,262144,128,fused2,4194304,16777216,5,30,17,805943,841342,603e59446e81431f,99960c282a7f4ca5,none,none
3,measured,262144,128,tile8,4194304,16777216,5,30,16,878720,919359,603e59446e81431f,99960c282a7f4ca5,none,none
4,measured,256,128,vec4,4096,16384,5,30,8,232278,268195,4c67926a9205d7b4,956299587c8af4b4,none,none
4,measured,256,128,fused2,4096,16384,5,30,7,209629,239731,4c67926a9205d7b4,956299587c8af4b4,none,none
4,measured,256,128,tile8,4096,16384,5,30,6,186222,228888,4c67926a9205d7b4,956299587c8af4b4,none,none
4,measured,256,512,vec4,16384,65536,5,30,8,252713,261824,38bbe1f688e24d78,1c8bb372f8f1302e,none,none
4,measured,256,512,fused2,16384,65536,5,30,7,230417,282102,38bbe1f688e24d78,1c8bb372f8f1302e,none,none
4,measured,256,512,tile8,16384,65536,5,30,6,202259,226055,38bbe1f688e24d78,1c8bb372f8f1302e,none,none
4,measured,256,2048,vec4,65536,262144,5,30,8,281703,304370,c9e538e9f9dccedd,259153fc2c7bc4e7,none,none
4,measured,256,2048,fused2,65536,262144,5,30,7,252323,272361,c9e538e9f9dccedd,259153fc2c7bc4e7,none,none
4,measured,256,2048,tile8,65536,262144,5,30,6,230315,268898,c9e538e9f9dccedd,259153fc2c7bc4e7,none,none
4,measured,1024,128,vec4,16384,65536,5,30,10,386250,417629,26abf5bddd03bbc5,79acd556594188cd,none,none
4,measured,1024,128,fused2,16384,65536,5,30,9,356806,390361,26abf5bddd03bbc5,79acd556594188cd,none,none
4,measured,1024,128,tile8,16384,65536,5,30,8,319749,339537,26abf5bddd03bbc5,79acd556594188cd,none,none
4,measured,1024,512,vec4,65536,262144,5,30,10,410897,445898,0949b62ffc70d026,7663f0c9d3466943,none,none
4,measured,1024,512,fused2,65536,262144,5,30,9,377574,421583,0949b62ffc70d026,7663f0c9d3466943,none,none
4,measured,1024,512,tile8,65536,262144,5,30,8,344860,351481,0949b62ffc70d026,7663f0c9d3466943,none,none
4,measured,1024,2048,vec4,262144,1048576,5,30,10,418675,428453,2d4a1c573b9665e7,d32c613321b43c7f,none,none
4,measured,1024,2048,fused2,262144,1048576,5,30,9,381343,392555,2d4a1c573b9665e7,d32c613321b43c7f,none,none
4,measured,1024,2048,tile8,262144,1048576,5,30,8,363574,403056,2d4a1c573b9665e7,d32c613321b43c7f,none,none
4,measured,4096,128,vec4,65536,262144,5,30,12,478304,493509,d878e557b6daedce,8cc85ceb09c8efed,none,none
4,measured,4096,128,fused2,65536,262144,5,30,11,445452,501731,d878e557b6daedce,8cc85ceb09c8efed,none,none
4,measured,4096,128,tile8,65536,262144,5,30,10,416360,446786,d878e557b6daedce,8cc85ceb09c8efed,none,none
4,measured,4096,512,vec4,262144,1048576,5,30,12,488276,535166,07e875993970433c,207dceeda1be3f5b,none,none
4,measured,4096,512,fused2,262144,1048576,5,30,11,453212,518463,07e875993970433c,207dceeda1be3f5b,none,none
4,measured,4096,512,tile8,262144,1048576,5,30,10,436101,461323,07e875993970433c,207dceeda1be3f5b,none,none
4,measured,4096,2048,vec4,1048576,4194304,5,30,12,545082,572416,4143a88e49ed614b,e0842ad8f72c0c9f,none,none
4,measured,4096,2048,fused2,1048576,4194304,5,30,11,511795,567536,4143a88e49ed614b,e0842ad8f72c0c9f,none,none
4,measured,4096,2048,tile8,1048576,4194304,5,30,10,535055,574491,4143a88e49ed614b,e0842ad8f72c0c9f,none,none
4,measured,16384,128,vec4,262144,1048576,5,30,14,563508,589519,318e48fc80dadb1f,a09bc0e13ecf9bf8,none,none
4,measured,16384,128,fused2,262144,1048576,5,30,13,532091,581175,318e48fc80dadb1f,a09bc0e13ecf9bf8,none,none
4,measured,16384,128,tile8,262144,1048576,5,30,12,509952,570287,318e48fc80dadb1f,a09bc0e13ecf9bf8,none,none
4,measured,16384,512,vec4,1048576,4194304,5,30,14,627703,694971,08b87a1ca99fa7b8,cc66b7b8fae87df4,none,none
4,measured,16384,512,fused2,1048576,4194304,5,30,13,593388,626545,08b87a1ca99fa7b8,cc66b7b8fae87df4,none,none
4,measured,16384,512,tile8,1048576,4194304,5,30,12,619406,631878,08b87a1ca99fa7b8,cc66b7b8fae87df4,none,none
4,measured,16384,2048,vec4,4194304,16777216,5,30,14,831101,849416,6be3b72c15a212b9,3199380bd5011e6c,none,none
4,measured,16384,2048,fused2,4194304,16777216,5,30,13,788648,799405,6be3b72c15a212b9,3199380bd5011e6c,none,none
4,measured,16384,2048,tile8,4194304,16777216,5,30,12,994953,1006229,6be3b72c15a212b9,3199380bd5011e6c,none,none
4,measured,65536,128,vec4,1048576,4194304,5,30,16,715934,740583,9ec0db29a14c575b,4098921c6b362ecd,none,none
4,measured,65536,128,fused2,1048576,4194304,5,30,15,690295,695119,9ec0db29a14c575b,4098921c6b362ecd,none,none
4,measured,65536,128,tile8,1048576,4194304,5,30,14,699276,710434,9ec0db29a14c575b,4098921c6b362ecd,none,none
4,measured,65536,512,vec4,4194304,16777216,5,30,16,952943,985424,84d06402da633040,29115d73667dee45,none,none
4,measured,65536,512,fused2,4194304,16777216,5,30,15,913750,945203,84d06402da633040,29115d73667dee45,none,none
4,measured,65536,512,tile8,4194304,16777216,5,30,14,1100285,1131812,84d06402da633040,29115d73667dee45,none,none
4,measured,262144,128,vec4,4194304,16777216,5,30,18,1090536,1102517,603e59446e81431f,99960c282a7f4ca5,none,none
4,measured,262144,128,fused2,4194304,16777216,5,30,17,1081415,1095118,603e59446e81431f,99960c282a7f4ca5,none,none
4,measured,262144,128,tile8,4194304,16777216,5,30,16,1215378,1230276,603e59446e81431f,99960c282a7f4ca5,none,none
5,measured,256,128,vec4,4096,16384,5,30,8,233082,278213,4c67926a9205d7b4,956299587c8af4b4,none,none
5,measured,256,128,fused2,4096,16384,5,30,7,211666,229629,4c67926a9205d7b4,956299587c8af4b4,none,none
5,measured,256,128,tile8,4096,16384,5,30,6,187759,195297,4c67926a9205d7b4,956299587c8af4b4,none,none
5,measured,256,512,vec4,16384,65536,5,30,8,253203,304333,38bbe1f688e24d78,1c8bb372f8f1302e,none,none
5,measured,256,512,fused2,16384,65536,5,30,7,230194,291064,38bbe1f688e24d78,1c8bb372f8f1302e,none,none
5,measured,256,512,tile8,16384,65536,5,30,6,201702,221602,38bbe1f688e24d78,1c8bb372f8f1302e,none,none
5,measured,256,2048,vec4,65536,262144,5,30,8,280871,300064,c9e538e9f9dccedd,259153fc2c7bc4e7,none,none
5,measured,256,2048,fused2,65536,262144,5,30,7,254156,269611,c9e538e9f9dccedd,259153fc2c7bc4e7,none,none
5,measured,256,2048,tile8,65536,262144,5,30,6,233991,272018,c9e538e9f9dccedd,259153fc2c7bc4e7,none,none
5,measured,1024,128,vec4,16384,65536,5,30,10,383156,424703,26abf5bddd03bbc5,79acd556594188cd,none,none
5,measured,1024,128,fused2,16384,65536,5,30,9,357018,370832,26abf5bddd03bbc5,79acd556594188cd,none,none
5,measured,1024,128,tile8,16384,65536,5,30,8,318195,330620,26abf5bddd03bbc5,79acd556594188cd,none,none
5,measured,1024,512,vec4,65536,262144,5,30,10,407037,417369,0949b62ffc70d026,7663f0c9d3466943,none,none
5,measured,1024,512,fused2,65536,262144,5,30,9,373101,377343,0949b62ffc70d026,7663f0c9d3466943,none,none
5,measured,1024,512,tile8,65536,262144,5,30,8,343491,359046,0949b62ffc70d026,7663f0c9d3466943,none,none
5,measured,1024,2048,vec4,262144,1048576,5,30,10,413694,423415,2d4a1c573b9665e7,d32c613321b43c7f,none,none
5,measured,1024,2048,fused2,262144,1048576,5,30,9,379620,390018,2d4a1c573b9665e7,d32c613321b43c7f,none,none
5,measured,1024,2048,tile8,262144,1048576,5,30,8,360508,366408,2d4a1c573b9665e7,d32c613321b43c7f,none,none
5,measured,4096,128,vec4,65536,262144,5,30,12,479026,487749,d878e557b6daedce,8cc85ceb09c8efed,none,none
5,measured,4096,128,fused2,65536,262144,5,30,11,445138,462480,d878e557b6daedce,8cc85ceb09c8efed,none,none
5,measured,4096,128,tile8,65536,262144,5,30,10,414935,425749,d878e557b6daedce,8cc85ceb09c8efed,none,none
5,measured,4096,512,vec4,262144,1048576,5,30,12,389676,1160396,07e875993970433c,207dceeda1be3f5b,none,none
5,measured,4096,512,fused2,262144,1048576,5,30,11,365657,3693948,07e875993970433c,207dceeda1be3f5b,none,none
5,measured,4096,512,tile8,262144,1048576,5,30,10,407722,1331276,07e875993970433c,207dceeda1be3f5b,none,none
5,measured,4096,2048,vec4,1048576,4194304,5,30,12,405583,1347378,4143a88e49ed614b,e0842ad8f72c0c9f,none,none
5,measured,4096,2048,fused2,1048576,4194304,5,30,11,376147,1619340,4143a88e49ed614b,e0842ad8f72c0c9f,none,none
5,measured,4096,2048,tile8,1048576,4194304,5,30,10,418333,1457007,4143a88e49ed614b,e0842ad8f72c0c9f,none,none
5,measured,16384,128,vec4,262144,1048576,5,30,14,466055,1835628,318e48fc80dadb1f,a09bc0e13ecf9bf8,none,none
5,measured,16384,128,fused2,262144,1048576,5,30,13,442943,578852,318e48fc80dadb1f,a09bc0e13ecf9bf8,none,none
5,measured,16384,128,tile8,262144,1048576,5,30,12,422852,444721,318e48fc80dadb1f,a09bc0e13ecf9bf8,none,none
5,measured,16384,512,vec4,1048576,4194304,5,30,14,467694,1530943,08b87a1ca99fa7b8,cc66b7b8fae87df4,none,none
5,measured,16384,512,fused2,1048576,4194304,5,30,13,445990,1541730,08b87a1ca99fa7b8,cc66b7b8fae87df4,none,none
5,measured,16384,512,tile8,1048576,4194304,5,30,12,476583,1822072,08b87a1ca99fa7b8,cc66b7b8fae87df4,none,none
5,measured,16384,2048,vec4,4194304,16777216,5,30,14,760026,1073351,6be3b72c15a212b9,3199380bd5011e6c,none,none
5,measured,16384,2048,fused2,4194304,16777216,5,30,13,717471,1247739,6be3b72c15a212b9,3199380bd5011e6c,none,none
5,measured,16384,2048,tile8,4194304,16777216,5,30,12,924629,997740,6be3b72c15a212b9,3199380bd5011e6c,none,none
5,measured,65536,128,vec4,1048576,4194304,5,30,16,624342,721453,9ec0db29a14c575b,4098921c6b362ecd,none,none
5,measured,65536,128,fused2,1048576,4194304,5,30,15,608860,693638,9ec0db29a14c575b,4098921c6b362ecd,none,none
5,measured,65536,128,tile8,1048576,4194304,5,30,14,621019,706850,9ec0db29a14c575b,4098921c6b362ecd,none,none
5,measured,65536,512,vec4,4194304,16777216,5,30,16,947638,1071618,84d06402da633040,29115d73667dee45,none,none
5,measured,65536,512,fused2,4194304,16777216,5,30,15,911480,1404072,84d06402da633040,29115d73667dee45,none,none
5,measured,65536,512,tile8,4194304,16777216,5,30,14,1100545,1987933,84d06402da633040,29115d73667dee45,none,none
5,measured,262144,128,vec4,4194304,16777216,5,30,18,1012785,1126582,603e59446e81431f,99960c282a7f4ca5,none,none
5,measured,262144,128,fused2,4194304,16777216,5,30,17,970026,1109703,603e59446e81431f,99960c282a7f4ca5,none,none
5,measured,262144,128,tile8,4194304,16777216,5,30,16,1073341,1265868,603e59446e81431f,99960c282a7f4ca5,none,none
